"","evol_pops","mean_area","sd_area","mean_perimeter","sd_perimeter","mean_major","sd_major","mean_minor","sd_minor","mean_ar","sd_ar","mean_turning","sd_turning","max_net","net_disp","net_speed","gross_disp","gross_speed","max_step","min_step","sd_step","sd_gross_speed","max_gross_speed","min_gross_speed","date"
"1","20_NP_01",9485.51430755566,3030.74249088222,420.370736940224,89.1019836034133,167.262674198638,36.305043536347,69.7265277741891,14.3159914785961,2.44650236341319,0.561303790284537,0.0185,0.734,6261.76775,4779.6,269.812,17720.17625,1153.971,897.00675,8.77175,107.536,545.91875,2412.982,70.7045,2023-11-08
"2","20_NP_02",9485.51430755566,3030.74249088222,420.370736940224,89.1019836034133,167.262674198638,36.305043536347,69.7265277741891,14.3159914785961,2.44650236341319,0.561303790284537,0.0185,0.734,6261.76775,4779.6,269.812,17720.17625,1153.971,897.00675,8.77175,107.536,545.91875,2412.982,70.7045,2023-11-08
"3","20_NP_03",9485.51430755566,3030.74249088222,420.370736940224,89.1019836034133,167.262674198638,36.305043536347,69.7265277741891,14.3159914785961,2.44650236341319,0.561303790284537,0.0185,0.734,6261.76775,4779.6,269.812,17720.17625,1153.971,897.00675,8.77175,107.536,545.91875,2412.982,70.7045,2023-11-08
"4","20_NP_04",9485.51430755566,3030.74249088222,420.370736940224,89.1019836034133,167.262674198638,36.305043536347,69.7265277741891,14.3159914785961,2.44650236341319,0.561303790284537,0.0185,0.734,6261.76775,4779.6,269.812,17720.17625,1153.971,897.00675,8.77175,107.536,545.91875,2412.982,70.7045,2023-11-08
"5","20_NP_05",9485.51430755566,3030.74249088222,420.370736940224,89.1019836034133,167.262674198638,36.305043536347,69.7265277741891,14.3159914785961,2.44650236341319,0.561303790284537,0.0185,0.734,6261.76775,4779.6,269.812,17720.17625,1153.971,897.00675,8.77175,107.536,545.91875,2412.982,70.7045,2023-11-08
"6","20_NP_06",9485.51430755566,3030.74249088222,420.370736940224,89.1019836034133,167.262674198638,36.305043536347,69.7265277741891,14.3159914785961,2.44650236341319,0.561303790284537,0.0185,0.734,6261.76775,4779.6,269.812,17720.17625,1153.971,897.00675,8.77175,107.536,545.91875,2412.982,70.7045,2023-11-08
"7","20_NP_07",9485.51430755566,3030.74249088222,420.370736940224,89.1019836034133,167.262674198638,36.305043536347,69.7265277741891,14.3159914785961,2.44650236341319,0.561303790284537,0.0185,0.734,6261.76775,4779.6,269.812,17720.17625,1153.971,897.00675,8.77175,107.536,545.91875,2412.982,70.7045,2023-11-08
"8","20_NP_08",9485.51430755566,3030.74249088222,420.370736940224,89.1019836034133,167.262674198638,36.305043536347,69.7265277741891,14.3159914785961,2.44650236341319,0.561303790284537,0.0185,0.734,6261.76775,4779.6,269.812,17720.17625,1153.971,897.00675,8.77175,107.536,545.91875,2412.982,70.7045,2023-11-08
"9","20_COP_01",9485.51430755566,3030.74249088222,420.370736940224,89.1019836034133,167.262674198638,36.305043536347,69.7265277741891,14.3159914785961,2.44650236341319,0.561303790284537,0.0185,0.734,6261.76775,4779.6,269.812,17720.17625,1153.971,897.00675,8.77175,107.536,545.91875,2412.982,70.7045,2023-11-08
"10","20_COP_02",9485.51430755566,3030.74249088222,420.370736940224,89.1019836034133,167.262674198638,36.305043536347,69.7265277741891,14.3159914785961,2.44650236341319,0.561303790284537,0.0185,0.734,6261.76775,4779.6,269.812,17720.17625,1153.971,897.00675,8.77175,107.536,545.91875,2412.982,70.7045,2023-11-08
"11","20_COP_03",9485.51430755566,3030.74249088222,420.370736940224,89.1019836034133,167.262674198638,36.305043536347,69.7265277741891,14.3159914785961,2.44650236341319,0.561303790284537,0.0185,0.734,6261.76775,4779.6,269.812,17720.17625,1153.971,897.00675,8.77175,107.536,545.91875,2412.982,70.7045,2023-11-08
"12","20_COP_04",9485.51430755566,3030.74249088222,420.370736940224,89.1019836034133,167.262674198638,36.305043536347,69.7265277741891,14.3159914785961,2.44650236341319,0.561303790284537,0.0185,0.734,6261.76775,4779.6,269.812,17720.17625,1153.971,897.00675,8.77175,107.536,545.91875,2412.982,70.7045,2023-11-08
"13","20_COP_05",9485.51430755566,3030.74249088222,420.370736940224,89.1019836034133,167.262674198638,36.305043536347,69.7265277741891,14.3159914785961,2.44650236341319,0.561303790284537,0.0185,0.734,6261.76775,4779.6,269.812,17720.17625,1153.971,897.00675,8.77175,107.536,545.91875,2412.982,70.7045,2023-11-08
"14","20_COP_06",9485.51430755566,3030.74249088222,420.370736940224,89.1019836034133,167.262674198638,36.305043536347,69.7265277741891,14.3159914785961,2.44650236341319,0.561303790284537,0.0185,0.734,6261.76775,4779.6,269.812,17720.17625,1153.971,897.00675,8.77175,107.536,545.91875,2412.982,70.7045,2023-11-08
"15","20_COP_07",9485.51430755566,3030.74249088222,420.370736940224,89.1019836034133,167.262674198638,36.305043536347,69.7265277741891,14.3159914785961,2.44650236341319,0.561303790284537,0.0185,0.734,6261.76775,4779.6,269.812,17720.17625,1153.971,897.00675,8.77175,107.536,545.91875,2412.982,70.7045,2023-11-08
"16","20_COP_08",9485.51430755566,3030.74249088222,420.370736940224,89.1019836034133,167.262674198638,36.305043536347,69.7265277741891,14.3159914785961,2.44650236341319,0.561303790284537,0.0185,0.734,6261.76775,4779.6,269.812,17720.17625,1153.971,897.00675,8.77175,107.536,545.91875,2412.982,70.7045,2023-11-08
"17","26_NP_01",9485.51430755566,3030.74249088222,420.370736940224,89.1019836034133,167.262674198638,36.305043536347,69.7265277741891,14.3159914785961,2.44650236341319,0.561303790284537,0.0185,0.734,6261.76775,4779.6,269.812,17720.17625,1153.971,897.00675,8.77175,107.536,545.91875,2412.982,70.7045,2023-11-08
"18","26_NP_02",9485.51430755566,3030.74249088222,420.370736940224,89.1019836034133,167.262674198638,36.305043536347,69.7265277741891,14.3159914785961,2.44650236341319,0.561303790284537,0.0185,0.734,6261.76775,4779.6,269.812,17720.17625,1153.971,897.00675,8.77175,107.536,545.91875,2412.982,70.7045,2023-11-08
"19","26_NP_03",9485.51430755566,3030.74249088222,420.370736940224,89.1019836034133,167.262674198638,36.305043536347,69.7265277741891,14.3159914785961,2.44650236341319,0.561303790284537,0.0185,0.734,6261.76775,4779.6,269.812,17720.17625,1153.971,897.00675,8.77175,107.536,545.91875,2412.982,70.7045,2023-11-08
"20","26_NP_04",9485.51430755566,3030.74249088222,420.370736940224,89.1019836034133,167.262674198638,36.305043536347,69.7265277741891,14.3159914785961,2.44650236341319,0.561303790284537,0.0185,0.734,6261.76775,4779.6,269.812,17720.17625,1153.971,897.00675,8.77175,107.536,545.91875,2412.982,70.7045,2023-11-08
"21","26_NP_05",9485.51430755566,3030.74249088222,420.370736940224,89.1019836034133,167.262674198638,36.305043536347,69.7265277741891,14.3159914785961,2.44650236341319,0.561303790284537,0.0185,0.734,6261.76775,4779.6,269.812,17720.17625,1153.971,897.00675,8.77175,107.536,545.91875,2412.982,70.7045,2023-11-08
"22","26_NP_06",9485.51430755566,3030.74249088222,420.370736940224,89.1019836034133,167.262674198638,36.305043536347,69.7265277741891,14.3159914785961,2.44650236341319,0.561303790284537,0.0185,0.734,6261.76775,4779.6,269.812,17720.17625,1153.971,897.00675,8.77175,107.536,545.91875,2412.982,70.7045,2023-11-08
"23","26_NP_07",9485.51430755566,3030.74249088222,420.370736940224,89.1019836034133,167.262674198638,36.305043536347,69.7265277741891,14.3159914785961,2.44650236341319,0.561303790284537,0.0185,0.734,6261.76775,4779.6,269.812,17720.17625,1153.971,897.00675,8.77175,107.536,545.91875,2412.982,70.7045,2023-11-08
"24","26_NP_08",9485.51430755566,3030.74249088222,420.370736940224,89.1019836034133,167.262674198638,36.305043536347,69.7265277741891,14.3159914785961,2.44650236341319,0.561303790284537,0.0185,0.734,6261.76775,4779.6,269.812,17720.17625,1153.971,897.00675,8.77175,107.536,545.91875,2412.982,70.7045,2023-11-08
"25","26_COP_01",9485.51430755566,3030.74249088222,420.370736940224,89.1019836034133,167.262674198638,36.305043536347,69.7265277741891,14.3159914785961,2.44650236341319,0.561303790284537,0.0185,0.734,6261.76775,4779.6,269.812,17720.17625,1153.971,897.00675,8.77175,107.536,545.91875,2412.982,70.7045,2023-11-08
"26","26_COP_02",9485.51430755566,3030.74249088222,420.370736940224,89.1019836034133,167.262674198638,36.305043536347,69.7265277741891,14.3159914785961,2.44650236341319,0.561303790284537,0.0185,0.734,6261.76775,4779.6,269.812,17720.17625,1153.971,897.00675,8.77175,107.536,545.91875,2412.982,70.7045,2023-11-08
"27","26_COP_03",9485.51430755566,3030.74249088222,420.370736940224,89.1019836034133,167.262674198638,36.305043536347,69.7265277741891,14.3159914785961,2.44650236341319,0.561303790284537,0.0185,0.734,6261.76775,4779.6,269.812,17720.17625,1153.971,897.00675,8.77175,107.536,545.91875,2412.982,70.7045,2023-11-08
"28","26_COP_04",9485.51430755566,3030.74249088222,420.370736940224,89.1019836034133,167.262674198638,36.305043536347,69.7265277741891,14.3159914785961,2.44650236341319,0.561303790284537,0.0185,0.734,6261.76775,4779.6,269.812,17720.17625,1153.971,897.00675,8.77175,107.536,545.91875,2412.982,70.7045,2023-11-08
"29","26_COP_05",9485.51430755566,3030.74249088222,420.370736940224,89.1019836034133,167.262674198638,36.305043536347,69.7265277741891,14.3159914785961,2.44650236341319,0.561303790284537,0.0185,0.734,6261.76775,4779.6,269.812,17720.17625,1153.971,897.00675,8.77175,107.536,545.91875,2412.982,70.7045,2023-11-08
"30","26_COP_06",9485.51430755566,3030.74249088222,420.370736940224,89.1019836034133,167.262674198638,36.305043536347,69.7265277741891,14.3159914785961,2.44650236341319,0.561303790284537,0.0185,0.734,6261.76775,4779.6,269.812,17720.17625,1153.971,897.00675,8.77175,107.536,545.91875,2412.982,70.7045,2023-11-08
"31","26_COP_07",9485.51430755566,3030.74249088222,420.370736940224,89.1019836034133,167.262674198638,36.305043536347,69.7265277741891,14.3159914785961,2.44650236341319,0.561303790284537,0.0185,0.734,6261.76775,4779.6,269.812,17720.17625,1153.971,897.00675,8.77175,107.536,545.91875,2412.982,70.7045,2023-11-08
"32","26_COP_08",9485.51430755566,3030.74249088222,420.370736940224,89.1019836034133,167.262674198638,36.305043536347,69.7265277741891,14.3159914785961,2.44650236341319,0.561303790284537,0.0185,0.734,6261.76775,4779.6,269.812,17720.17625,1153.971,897.00675,8.77175,107.536,545.91875,2412.982,70.7045,2023-11-08
"33","20_COP_01",6202.96577895293,2053.75750606088,356.924040739398,73.6155870026439,143.95894909809,29.6057950209821,54.2479040067912,12.5857956477885,2.7136891025641,0.643307860070318,0.01,0.615,5482.875,4418,274.965,15356.82,1186.215,957.39,13.155,109.62,520.4,2595.785,110.81,2024-01-03
"34","20_COP_02",5288.37428571429,1961.46498500615,333.223240694626,88.1887350441939,135.037721316784,35.9918243711059,49.7774621359223,10.984612560861,2.78427684673442,0.764205818155286,-0.01,0.7,6239.425,5347,297.76,19181.39,1175.305,1418.785,8.15,200.855,530.5,2507.575,71.75,2024-01-03
"35","20_COP_03",7016.00603773584,2533.22496026544,387.404049056604,85.3049628066167,158.411954716981,33.6499971277195,56.123685,12.7296792735539,2.91932876712329,0.570077926373548,0,0.62,8108.35,6231,354.86,19045.74,1534.13,946.4,12.53,108.99,534.31,2539.99,110.22,2024-01-03
"36","20_COP_04",5482.9868429752,2925.11756090895,328.028248618342,97.8123790494983,129.632822885644,37.3016410584446,51.2002488822653,14.6105305793445,2.48583017982234,0.712124922262087,0.06,0.74,4244.38,2924.5,142.485,12785.75,704.39,1009.39,6.63,110.045,400.375,2368.835,56.35,2024-01-03
"37","20_COP_05",6893.424,2220.44981518668,382.958912195122,85.3257265965053,157.8388275,34.0438274217365,54.7886769230769,12.4540484710538,2.92996,0.701587745816135,0,0.68,7219.9,5128,347.97,15967.83,1301.76,826.97,9.36,95.1,526.94,2432.93,85.17,2024-01-03
"38","20_COP_06",5915.03186440678,1844.15836335169,349.00126779661,81.2636375010426,140.845728813559,35.0471296417838,53.1036,10.3756747575209,2.66903225806452,0.74082925948655,0.02,0.61,6909.22,5595,312.03,16017.48,1062.38,1411.54,8.68,167.7,488.22,2541.92,75.36,2024-01-03
"39","20_COP_07",6731.15408585056,2968.63434768303,369.349620522217,102.922846278346,150.811397892808,44.1973931928061,53.116515,14.6394399341221,2.87399068627451,0.790424109414084,0,0.78,6272.455,5067,416.38,16609.115,1356.7,1213.15,9.02,154.025,558.75,2718.1,74.065,2024-01-03
"40","20_COP_08",6850.88470588236,2612.23328186026,376.250744081632,91.6090135611373,151.471396056338,38.688679492512,59.7100312087912,13.4807167233723,2.69536318681318,0.655529045208965,0,0.73,4708.815,4039.5,275.875,14354.37,1075.15,881.47,10.47,107.965,510.3,2520.385,76.745,2024-01-03
"41","20_NP_01",6603.12,2095.14401103395,362.483057142857,81.2035011516571,144.533957142857,34.3137543076681,56.5626927272727,12.1586479207531,2.65297368421053,0.666056479682455,0.05,0.67,4345.5,2814,198.06,16169.89,927.2,927.99,11.63,113.63,497.47,2491.33,72.72,2024-01-03
"42","20_NP_02",6188.2118259371,2111.9426255363,357.97338005707,75.3516771076723,144.928738857365,32.3405600066116,52.1597774436091,12.2981974113323,2.75119173569277,0.689463258249036,0.01,0.635,5535.325,3136,237.7,19119.955,1293.36,833.77,9.2,92.135,561.52,2520.425,83.755,2024-01-03
"43","20_NP_03",7232.55910762737,1972.16286644819,384.146275007537,81.4290065993515,153.32555390413,36.373181418253,58.3076851776235,10.2718476778385,2.61440456282847,0.708036120861658,0.055,0.65,4667.605,3524,269.685,11886.635,792.205,847.88,7.185,110.805,391.9,1965.13,65.35,2024-01-03
"44","20_NP_04",7023.4407813045,1983.94217049923,384.49221243083,79.7699504919611,157.511476733436,37.781597591763,58.6376884098544,10.8470300745773,2.84959552459016,0.726354695501417,-0.03,0.63,6628.615,5070,280.175,14984.25,986.055,763.22,6.625,85.94,517.12,2199.73,58.01,2024-01-03
"45","20_NP_05",7692.78925434117,3006.52952359695,408.215208105939,91.1055582690786,167.123512987013,36.3345259605855,56.6300765008025,13.7480600551818,2.95170910184443,0.683468191187031,0.005,0.585,6397.52,4625.5,324.8,17446.045,1582.72,984.535,19.5,111.83,498.18,2562.955,154.665,2024-01-03
"46","20_NP_06",7047.18595809292,2584.89895859352,377.95065121777,77.0172729789475,152.144832006235,30.3348691418669,56.5157895246327,13.8886796184114,2.73243716953074,0.646554790753791,0.02,0.67,7422.48,6247,299.005,25555.56,1826.525,1204.55,47.27,145.465,441.375,2743.89,252.375,2024-01-03
"47","20_NP_07",6470.20534562212,2060.29666594517,377.427460244716,79.6564740216701,159.26434084625,35.6790586038383,51.3202210013219,10.369846884335,3.26237238848109,0.876028622604593,0.01,0.44,4661.17,4206.5,226.56,9727.335,789.04,940.96,9.27,109.085,348.925,2470.41,76.92,2024-01-03
"48","20_NP_08",7098.37714285714,2990.98440321229,391.644327272727,97.2524573714985,157.528665838509,40.77708088766,53.6667652173913,14.0544868147842,3.08715584415584,0.689943021950531,0.02,0.81,5815.4,5004,311.59,22659.74,1966.66,1209.84,50.95,147.73,418.44,2762.52,395.65,2024-01-03
"49","26_COP_01",6115.12615384616,2535.05816189484,349.94526870229,77.0099826221887,143.393372519084,31.3204510590086,52.4002864864865,12.4851573583467,2.76485984848485,0.593699483461022,0,0.55,5921.33,3972,230.41,20247.92,1404.58,774.88,13.59,90.01,449.48,2478.05,116.81,2024-01-03
"50","26_COP_02",6123.67308270676,2598.84330850436,365.748403759399,92.2900718349762,151.122609473684,35.3620886368924,49.6760902834009,12.2863932963956,3.13174903846154,0.718696201291442,0.005,0.81,6830.855,5192.5,325.53,24561.175,1694.495,1224.525,40.38,155.57,361.525,2546.27,329.145,2024-01-03
"51","26_COP_03",5583.82978723405,2544.22154348158,338.465668965517,100.413762083324,136.230181132075,39.6740631154863,48.9206482758621,12.621554188475,2.88640425531915,0.705613047615263,-0.01,1.03,4739.83,3151,236.97,17023.79,1447.28,1368.59,14.62,226.05,524.5,2261.71,104.47,2024-01-03
"52","26_COP_04",5463.86382566586,2290.18542886427,333.471789588378,95.7351860167485,138.750739322034,38.7703809456534,48.6307057627118,11.7809377878426,2.87784598378777,0.763617485832657,0.025,0.645,8027.29,5138,253.595,22464.45,1638.34,1988.73,10.5,319.42,569.81,2556.795,83.98,2024-01-03
"53","26_COP_05",4908.7738882804,2822.37541726284,279.285715236876,106.076752630608,106.796717285531,44.243149689471,52.8178151026642,12.6566209895476,1.95592084942085,0.672153415139988,-0.015,0.825,1727.575,1425,88.5,4426.78,261.81,384.955,3.095,46.9,255.385,1690.385,28.16,2024-01-03
"54","26_COP_06",7459.26159887799,2646.73084392112,392.460377617629,82.7459904557697,155.897810565813,31.0305418991078,58.1070927272727,13.6448082736162,2.81944444444444,0.6772354850864,0.03,0.645,5724.18,5308,273.78,15506.85,1181.57,915.365,6.6,124.86,558.02,2526.06,56.085,2024-01-03
"55","26_COP_07",3067.10181818182,2322.19511143523,209.672685,98.0764263030233,79.1496,38.9948333122655,44.7887820895522,12.6482005471667,1.93661437908497,0.591447108985472,-0.03,0.96,1809.91,1614,90.68,4162.05,277.47,633.31,3.08,74.91,310.81,2256.55,28.03,2024-01-03
"56","26_COP_08",6769.008,3171.83298425694,367.85988,97.8170132202308,151.08075,38.8623225434576,54.15696,14.5526675587907,2.91644382022472,0.587893170939888,0.02,0.74,7364.9,6676,341.13,24230.7,2051.72,1186.72,42.29,135.67,451.18,2758.39,296.29,2024-01-03
"57","26_NP_01",8140.608,2016.16009725008,390.420789041096,72.6740036375474,155.920380722892,30.2430917745624,64.9801756097561,10.2198891973177,2.44366210045662,0.554592844614367,0.04,0.42,5117.91,3911,229.33,10687.78,615.91,402.95,6.48,40.38,254.16,1901.74,51.41,2024-01-03
"58","26_NP_02",6492.96,2471.47543330893,363.273771428571,83.1771162535109,149.645442857143,32.4940747087784,53.2485857142857,12.8915211155353,2.89225203252032,0.588771915429442,-0.02,0.71,6195.89,4543,255.09,21441.97,1779.38,919.35,47.52,99.73,420.99,2624.02,282.75,2024-01-03
"59","26_NP_03",5997.05660377358,1984.92866421508,351.305464864865,75.5983601792605,144.229182733813,32.0763912769403,50.1561209302325,11.1519442336447,2.90948449612403,0.628314273757125,0,0.63,7011.62,6270,360.29,17035.42,1395.19,680.85,9.96,93.58,521.72,2483.83,76.32,2024-01-03
"60","26_NP_04",7458.64313094986,2613.00910396592,391.719784469846,83.8043455406227,159.214297534669,33.7112114243766,58.1751534912147,14.1522339657941,2.84898479196556,0.639737927538514,0.01,0.58,8845.43,3969,340.41,27777.28,1716.095,963.65,12.65,109.855,520.515,2612.395,115.105,2024-01-03
"61","26_NP_05",5295.28242857143,2457.0628644204,330.29190017939,97.6784033362442,138.843860796862,39.9185566704192,47.0607258403361,12.5319970860963,2.95964192574512,0.729778941557796,0.02,0.725,6827.235,4077.5,193.17,26946.81,1918.145,1049.55,28.985,115.115,460.46,2737.835,201.57,2024-01-03
"62","26_NP_06",6990.12228324505,1443.19768706928,346.347621659776,55.4701850523573,135.507773338712,25.7471112884348,66.1749882718557,8.67766652751031,2.05054526051751,0.443880780639413,0.035,0.39,3758.08,3387,158.645,7070.19,342.36,206.42,4.31,24.015,168.36,1532.125,34.45,2024-01-03
"63","26_NP_07",5537.71820155743,2445.70027452908,337.427060805561,88.6315609101462,139.016370310275,34.935689923018,49.1541286372614,12.6015437491934,2.96390308911973,0.68829434987612,0.01,0.725,6040.96,2764.5,194.035,23051.27,1889.375,991.915,42.935,96.16,419.24,2598.865,257.86,2024-01-03
"64","26_NP_08",6515.17714285714,2856.01149962698,377.213924050633,94.7336705557768,156.174764835165,36.0932862156912,50.8812857142857,15.8667948170876,3.25813924050633,0.751185607241386,0,0.88,5697.33,3134,239.07,27885.61,2008.98,1294.39,39.72,150.65,457.1,2780.8,279.81,2024-01-03
"65","20_COP_01",16910.2042415837,6677.91065156208,538.567141558442,153.58009619644,202.109347037337,56.3971496293237,101.940846705665,26.6176738957746,2.052741433942,0.414467832008963,0.015,0.755,4716.955,3433,258.75,15408.17,1072.085,1175.83,10.835,136.38,527.655,2635.26,80.345,2024-03-12
"66","20_COP_02",13610.5495081967,4242.82019880261,485.696006557377,105.544954287638,185.668465573771,41.3055533363551,89.9653500000001,18.0039572610999,2.16640186915888,0.458541829299996,0.02,0.68,5819.19,4450,270.88,17168.13,1200.78,1137.19,9.19,138.4,533.72,2441.6,82.69,2024-03-12
"67","20_COP_03",15367.5475956596,4343.9656596982,524.061941192788,99.9518138663055,205.671647539016,39.6436950912608,94.0720353966933,16.9650717265086,2.11931758905852,0.335869931355211,0,0.505,7557.975,5986,396.07,17002.38,1398.64,987.155,15.365,115.745,510.035,2391.175,138.3,2024-03-12
"68","20_COP_04",13941.8811663808,8459.40682785351,467.410325806452,225.056432906913,172.152226451613,73.9635981823039,88.583855334174,40.1735145913599,2.01881603773584,0.355567292239759,-0.02,0.97,5431.835,4097,272.62,18150.255,1409.93,1273.54,23.865,220.035,579.395,2752.95,148.64,2024-03-12
"69","20_COP_05",13625.3936842105,6531.22131642297,489.994772727273,173.179441938858,184.434442105263,61.2120859195997,89.0704079999999,29.4664625221374,2.10281,0.41010993313208,0.03,0.84,4766.77,4221,274.28,14941.92,1136.95,946.77,16.1,167.84,548.04,2549.89,76,2024-03-12
"70","20_COP_06",15854.6081927711,8634.05206755305,511.038138461538,235.057655903106,190.357115294118,76.6427584394127,91.7392337349397,41.3653659896866,2.07997647058824,0.510914451328769,0.01,0.94,5574.59,4657,218.31,25230.22,1606.17,1268.29,16.21,227.96,574.25,2829.96,145.9,2024-03-12
"71","20_COP_07",15480.0194594594,6404.22194760491,505.530888311688,155.059189722372,194.718950649351,60.9121994412717,93.4471317073171,28.2370461443814,2.14228,0.592313871118127,0.03,0.84,4918.95,3193,266.29,12307,1073.1,986.8,8.81,168.45,596.62,2535.87,75.79,2024-03-12
"72","20_COP_08",13277.0749879518,6681.93492206493,470.619857060241,176.939926616796,184.752125783132,65.4318751116192,81.6440539156627,29.0756457388984,2.22358833333334,0.561901827410782,0.025,0.91,5595.675,4896.5,260.065,18905.035,1504.865,1140.685,27.295,178.73,553.53,2626.13,158.17,2024-03-12
"73","20_NP_01",16799.5246153846,5109.26538864887,546.44708263473,110.403604661207,207.869538461538,40.6824340157842,97.9969808219178,17.1979462163729,2.16711695906433,0.37481532398022,0,0.61,6724.97,5113,335.44,17093.12,1308.88,1014.32,10.08,121.81,542.88,2535.68,86.63,2024-03-12
"74","20_NP_02",14490.5521472393,5198.00896578646,502.269709090909,129.740760371596,189.223527272727,46.9735818023696,93.6744352941176,23.652418660795,2.10695238095238,0.385566361723801,0.03,0.71,5396.94,3886,283.14,20758.21,1180.62,914.62,13.16,127.87,539.98,2501.96,116.52,2024-03-12
"75","20_NP_03",14322.4831168831,8373.02398981311,486.173687671233,211.315586884756,187.88382,74.2859828893919,88.4820328767124,37.5178344492491,2.1621871657754,0.522401315324282,-0.02,0.93,5067,3953,302.66,18663.93,1562.22,1226.13,31.28,202.03,509.59,2798.92,205.21,2024-03-12
"76","20_NP_04",16472.2532374101,5816.64225596066,526.242876923077,146.574846214099,200.846945454546,54.9596298066021,99.1886762589928,26.233277893115,1.99976666666667,0.348695150649217,0.02,0.67,8115.05,7179,422.19,22680.47,1351.82,1254.06,6.45,184.34,555.13,2731.87,58.07,2024-03-12
"77","20_NP_05",15821.8015343444,7394.89745995366,499.566047636039,194.19703059538,182.409973193578,68.791416059669,96.2306929467085,34.9203727745923,1.96974436090226,0.433351828139474,-0.015,0.95,4191.96,3379,192.165,23139.59,1215.855,1040.07,9.46,170.83,643.045,2813.445,85.12,2024-03-12
"78","20_NP_06",15317.1309913044,7175.32449112865,501.505028891176,189.939780434333,190.316958758207,68.3130350589789,92.4586891304347,32.751561672332,2.03870124899275,0.468014556879111,0.005,0.85,5160.06,4294,277.92,18891.765,1106.06,1227.78,10.045,191.21,575.06,2737.505,82.325,2024-03-12
"79","20_NP_07",16618.8672,5777.14985253744,549.303012,129.769914303464,210.084007228916,43.0403018208273,97.7922367346939,26.2550922123195,2.26158646616541,0.728126295406131,0.01,0.6,6203.61,5263,285.37,17908.09,1480.36,1243.35,17.03,121.03,526.46,2605.2,130.61,2024-03-12
"80","20_NP_08",15050.0417910448,6510.6145808435,506.453184,167.057331745145,191.888287912088,61.195107366074,97.5486976744185,27.7555142256005,2.05843511450382,0.394219983424468,-0.01,0.84,5463.85,3029,202.91,18418.06,1151.25,1212.69,11.38,169.64,579.41,2672.48,102.45,2024-03-12
"81","26_COP_01",11230.8044147157,6167.88211560909,445.564421318373,166.153858371424,170.386467076383,56.8178802729797,77.3496950911641,31.7825867107215,2.12342494382023,0.517868722046923,0.01,0.845,4478.165,3402.5,180.565,18506.32,1488.5,1041.18,37.275,159.77,534.205,2761.58,216.99,2024-03-12
"82","26_COP_02",12926.7465365853,5848.40584346229,449.837148589846,161.145999239215,167.709298028364,57.469425353687,87.2621820814479,27.7542842699506,1.98520415965465,0.362728297361794,0.065,0.93,3937.775,2605.5,176.885,14646.34,975.7,960.945,7.385,174.495,545.23,2692.18,61.415,2024-03-12
"83","26_COP_03",16046.6045901639,7486.0892868567,517.669152631579,184.370192161009,195.227146391753,67.0836548822207,95.6879136,31.4480011626298,2.04038064516129,0.377215159459642,0,0.91,5876.08,4774,301.84,21585.43,1380.35,1243.83,13.15,199.54,589.54,2819.59,116.34,2024-03-12
"84","26_COP_04",12146.3705370844,6548.30818241964,440.599444757033,178.352480042274,166.530505626598,64.4709167000003,80.8002105882353,32.2085295301794,2.07482180851064,0.451657764620593,-0.015,0.895,5109.335,4080,247.94,22176.93,1415.915,1222.89,20.32,224.555,581.25,2820.665,159.32,2024-03-12
"85","26_COP_05",9991.81947212688,6836.9751512329,381.984239256338,205.424642561214,143.770078246753,73.5556750815396,71.9503724396181,36.0422351434924,2.01866585915493,0.398249225408499,0.02,1.175,3411.02,2788.5,192.63,12524.82,1029.98,1031.72,16.71,178.675,615.445,2760.575,132.695,2024-03-12
"86","26_COP_06",11209.8265486726,7293.68760456722,416.691395121951,199.589604113581,157.875319148936,70.9030630955474,74.8616814159292,37.8197523780159,2.09622448979592,0.641660190068464,0.04,1.32,3334.49,2595,214.23,15338.28,1428.44,1132.58,38.3,179.91,640.76,2803.35,126.41,2024-03-12
"87","26_COP_07",13788.9687272727,5453.9103558554,492.705293023256,139.4725145859,189.019217647059,50.3834253040113,86.2546909090909,26.3478899409278,2.23538787878788,0.430773889641169,0.03,0.68,7859.02,6662,465.42,19745.98,1825.76,1180.85,95.95,168.52,414.83,2623.83,318.84,2024-03-12
"88","26_COP_08",11241.8459571574,5139.19220305176,441.474102474711,129.015268165162,169.804667991329,49.9244151551932,78.7922016806722,26.655415933023,2.20331478365385,0.601612660678814,0.01,0.84,7236.615,4471,343.15,20083.48,1658.6,1188,30.58,148.12,519.115,2735.885,147.425,2024-03-12
"89","26_NP_01",13688.514,5323.34885022888,485.896735,129.571684924349,186.038212420607,46.4979453286921,87.4992060559006,23.4518706669158,2.19770151515151,0.502243454152823,0.02,0.71,6561.535,5032,284.42,20927.895,1523.52,1151.83,27.825,168.555,545.285,2734.11,181.965,2024-03-12
"90","26_NP_02",12762.8715789474,4334.6462516953,475.207476923077,106.429807866467,183.994615384615,39.58642941776,85.7789406593407,17.6111766814814,2.10746451612903,0.385732795151241,0.03,0.64,6326.96,5625,386.87,15184,1161.46,1265.77,10.69,159.09,536.02,2745.56,96.22,2024-03-12
"91","26_NP_03",12995.8105263158,5657.51504887338,470.312668037384,143.436707473032,173.435570322581,51.1223450394288,87.4131552779144,25.7579884794276,2.00959642857143,0.391799348203604,0.005,0.78,4611.21,3892.5,230.48,15419.2,1244.915,1144.205,10.735,173.055,540.355,2747.31,96.6,2024-03-12
"92","26_NP_04",10230.4981401741,4406.29240063037,429.762446511628,117.349621263893,164.853037186813,43.751197678145,72.9093522342065,21.9609898948731,2.33108676821983,0.508167732360911,-0.015,0.835,4682.345,3589.5,299.3,22601.85,1725.16,1200.405,35.615,166.085,450.06,2831.29,165.705,2024-03-12
"93","26_NP_05",12951.8712426036,4265.12495086555,478.602620689655,108.99259798728,185.784086330935,43.4105262266708,86.6670206896552,18.4458203380033,2.19098224852071,0.36827541820361,0.02,0.65,6843.81,4997,325.83,19424.81,1342.77,1154.1,13.13,120.31,489.13,2478.63,118.21,2024-03-12
"94","26_NP_06",12681.9490909091,5019.34136168167,471.061581818182,127.398838635795,183.99978,47.5794090619261,85.0450628571429,22.0426565998321,2.12465151515151,0.355149590209442,-0.01,0.74,6578.15,5657,381.31,19317.15,1301.85,1018.76,18.92,160.91,517.84,2800.41,109.42,2024-03-12
"95","26_NP_07",15285.0243236157,4662.61603421375,519.163786092173,113.929867868763,193.708934821701,45.3099079527731,94.4367425329224,18.8314923005434,2.10659480025364,0.433268575829062,0.005,0.77,5105.855,4182.5,224.38,17951.9,1036.145,1039.675,4.155,121.23,520.325,2230.735,37.355,2024-03-12
"96","26_NP_08",14471.6914285714,7992.06346442467,501.89958,212.952334955357,184.044774193548,72.0520751317334,87.7142432432433,37.4623034156515,2.18125373134328,0.616524503164403,-0.04,1.02,4404.27,2951,227.33,21268.42,1771.81,1426.27,48.3,208.97,528.48,2836.55,236.87,2024-03-12
"97","20_COP_01",10949.9011340115,4369.06951503704,468.983404165813,125.985573419414,189.701176515757,52.6229599568653,73.2808810529737,19.2798722726333,2.69726199437506,0.761518798920245,-0.01,0.59,7384.875,5633.5,282.87,20020.705,1453.015,1178.165,4.51,128.125,787.35,4888.835,72.815,2024-04-23
"98","20_COP_02",13300.8740939597,4941.40890544833,511.438736938775,128.0766710423,199.152937285715,47.4285129423018,80.80361838642,21.0329851124313,2.49189357901434,0.628911302071296,0,0.59,6292.315,4056.5,347.58,19258.795,1507.33,862.115,5.4,124.69,791.995,4776.185,81.51,2024-04-23
"99","20_COP_03",10814.8608,4019.31166055861,462.362976,117.749903684166,181.523232,47.1426993240969,73.2255428571429,17.2536550405437,2.45809195402299,0.605272563915095,0.04,0.66,4348.45,3021,366.42,11739.23,1064.69,914.38,4.97,110.99,682.62,3743.65,65.16,2024-04-23
"100","20_COP_04",14233.0280496596,4852.4709703031,520.218869843813,118.436032691525,202.954309305953,42.7418548607857,87.1875837433155,19.0001315281323,2.43338956043956,0.505824032014225,-0.005,0.45,7087.135,5639.5,332.84,21857.585,1512.975,791.675,6.06,88.86,788.25,4795.68,95.73,2024-04-23
"101","20_COP_05",14527.7131034483,3666.38686201047,523.480828235294,92.5538667282665,204.89694939759,33.3272483127949,85.2984,15.9787191923306,2.47790909090909,0.386005703679519,-0.01,0.32,6997.28,3443,319.74,16223.74,1669.62,851.16,21.06,86.91,525.64,5021.75,224.35,2024-04-23
"102","20_COP_06",13755.2308629442,4248.07666895188,513.133845517242,95.865141988604,200.842535172414,35.9297752880457,86.4669882352942,15.8720186216213,2.35669072164948,0.407745594251802,0.02,0.38,7793.65,6234,389,17850.83,1343.16,372.84,4.76,33.51,430.7,3473.08,85.23,2024-04-23
"103","20_COP_07",14161.2432786885,4700.81865182271,526.226193442623,97.6767784943562,203.364141361257,35.5679451724572,85.9838459016393,20.0956832997057,2.48763513513513,0.561196231299824,0.01,0.48,7156.34,4388,337.6,25355.2,2154.78,970.02,35.98,121.35,668.14,5011.05,341,2024-04-23
"104","20_COP_08",11110.570041841,3445.15448137469,464.366148387097,93.6476335809909,177.906251612903,38.1412720698597,79.7873459016393,13.9620987790626,2.262365,0.453170983051181,-0.01,0.52,6558.16,6260,385.14,14771.64,1006.31,883.88,4.51,69.68,588.68,4687.86,72.83,2024-04-23
"105","20_NP_01",13646.3823220301,4641.25390239154,520.752738239486,109.655411529064,204.91991550374,44.1495432762313,83.4918242070311,20.0032765381696,2.46455366030618,0.607065712387472,0,0.435,7784.365,5707,349.2,18802.96,1563.785,1072.245,7.065,100.595,550.97,4675.685,121.455,2024-04-23
"106","20_NP_02",11731.6448780488,3747.89924437185,454.207609756098,97.0254103103699,174.809989830508,40.1467560429076,83.7339517241379,14.9243741980484,2.12619318181818,0.397237429555397,0.02,0.52,7115.89,5388,320.38,14831,976.96,680.09,3.37,68.08,656.38,4773.07,53.19,2024-04-23
"107","20_NP_03",12893.4916363637,4139.01313461955,498.058704992743,103.840388073743,195.792269439043,44.9894626056443,81.7284471242775,17.1698539310029,2.48337236867992,0.525552250495277,0,0.475,7490.615,6363,480.035,17271.84,1233.575,784.48,3.13,69.415,579.73,3980.895,56.035,2024-04-23
"108","20_NP_04",13896.0775585892,4411.95962352718,516.515416605321,119.469675903548,200.753309974641,45.180852088478,86.1509231229946,16.5439675499426,2.40804149084136,0.512765019270632,0.02,0.51,6939.645,5653,319.71,18189.05,1240.285,635.495,5.265,69.535,681.57,4507.98,85.07,2024-04-23
"109","20_NP_05",13097.7757201908,4876.65356832384,485.616037530507,115.533797115598,193.020644310969,42.8038761254025,87.6204192908944,22.5430356323412,2.26896947295583,0.51979316297852,-0.005,0.46,7443.925,6322.5,379.945,15782.645,1242.02,992.535,3.995,97.69,619.555,4555.335,63.11,2024-04-23
"110","20_NP_06",12890.5115003808,4588.06016264978,481.623919579714,110.700461818265,189.121677821264,44.546390681384,85.9534245239909,17.0479188259352,2.25890161713657,0.484564581315281,0.005,0.5,6518.71,4706,346.44,13152.33,1028.385,963.23,4.83,65.47,506.67,4240.895,84.365,2024-04-23
"111","20_NP_07",14427.9250893677,5921.31916596157,528.349556576403,128.500934353026,208.618422983355,46.995456552392,86.4397069424579,22.500472742573,2.53561831578947,0.557967815304422,-0.015,0.43,8169.835,6211.5,370.12,19277.08,1592.28,839.16,14.11,76.66,593.325,4480.44,227.915,2024-04-23
"112","20_NP_08",12975.9893498452,4118.08541374475,512.832477399381,105.415360851474,204.545346078431,43.2746493148314,79.0654847795163,15.4896878666444,2.59680973895582,0.532028101239504,-0.005,0.5,6795.035,3921,353.075,14214.19,1316.76,922.27,4.81,102.68,724.56,4424.39,72.57,2024-04-23
"113","26_COP_01",12305.1232653061,3654.7476471031,487.319710344828,98.9334591780036,187.303344827586,37.6670082407296,81.5594693877551,17.3757310834397,2.39736206896552,0.413304831689722,0.01,0.37,8607.67,7068,558.4,18488.54,1537.48,758.65,14.21,69.74,537.71,4238.69,254.34,2024-04-23
"114","26_COP_02",13042.3947513812,4501.08854436501,479.572418671949,111.345072376494,184.111524091937,41.5085667411443,87.6592486161588,18.9393345581362,2.15045689406678,0.411383371427075,-0.01,0.5,7627.66,5686.5,267.515,25430.6,1273.92,885.69,4.35,77.395,567.96,4109.485,77.84,2024-04-23
"115","26_COP_03",13935.4105263158,4116.84717328598,506.472132413793,99.30403912634,197.047818947368,43.8088616701006,90.1422319526627,14.7021332903703,2.215,0.469493729761273,0,0.46,6446.85,5266,396.62,14637.32,1035.79,825.31,4.36,72.11,491.83,3173.67,72.14,2024-04-23
"116","26_COP_04",10402.2195073892,3291.36820444694,434.027892134831,93.020817829444,161.954170786517,34.1909254438691,80.1041010309279,16.5214455124036,2.06284560570071,0.456509356044493,0,0.59,5961.12,5243,350.41,13304.46,1000.79,791.75,2.98,66.18,556.36,3921.34,52.34,2024-04-23
"117","26_COP_05",10745.3096907217,3779.50939700972,455.636260465116,106.652146288844,180.797574193548,39.0075754046535,75.3080487804879,17.7381863600905,2.4698357771261,0.503690248184365,0,0.52,6196.14,3878,290.09,22126.4,2076.07,1152.14,43.15,120.67,700.63,4211.31,330.49,2024-04-23
"118","26_COP_06",11542.6998053625,3875.43473072637,460.998482056304,97.2852387925815,181.764351627907,39.7468469315837,78.6160684686266,16.9271425677513,2.253770173454,0.553173478797463,0,0.455,7357.175,5926.5,332.58,16301.62,1265.135,584.505,4.11,51.995,538.485,3679.05,73.6,2024-04-23
"119","26_COP_07",11221.691431538,3576.18492885445,446.886429850746,94.7389683523617,169.990126315789,36.9152270681406,81.9393460079051,17.2319632303443,2.15983407811983,0.514617403352285,0.01,0.56,5761.995,5091.5,383.32,11353.73,1048.63,598.075,4.35,69.095,734.94,4064.54,65.68,2024-04-23
"120","26_COP_08",14281.4806779661,5272.93350421963,527.061376551725,121.19413087934,202.190386567164,40.8786511328882,86.8702196891192,21.1227620380937,2.37938481012658,0.488595200392629,0,0.4,8347.75,3244,300.57,22555.75,1834.72,751.33,12.79,58.92,428.02,4241.04,185.78,2024-04-23
"121","26_NP_01",11059.2297685567,4947.32390004607,460.030037476281,122.207021922176,181.691199687109,43.7110858570362,72.4093644399103,22.0823484385607,2.56803400735294,0.641879891902568,-0.01,0.55,6425.005,3388.5,293.76,24942.735,2082.605,1202.225,21.95,132.1,678.38,4956.83,210.86,2024-04-23
"122","26_NP_02",13268.9073417722,3979.67302191424,506.08556821192,94.952130825207,199.07586,35.1890050548761,82.8702845637584,15.9443923637524,2.43705063291139,0.396096604632008,0.01,0.4,7439.39,3519,202.51,20184.11,1705.18,869.45,10.8,94.35,636.39,5111.16,181.44,2024-04-23
"123","26_NP_03",3191.03463829787,1363.83424368082,219.457324148936,61.882368668927,82.6811420744681,21.0561692244155,46.0115431351639,12.1772670678653,1.774777647027,0.426031591190214,0.01,0.9,2616.575,2337.5,122.55,5726.535,358.775,664.905,1.275,46.98,278.94,3939.66,21.09,2024-04-23
"124","26_NP_04",12721.8955167785,4043.47806250037,492.476500487032,108.541157476707,190.414386545721,41.4742093675883,82.8446405117737,17.4436833885094,2.32501942243803,0.501675764236226,0.02,0.545,7207.385,5718.5,397.01,16246.305,1333.915,1073.195,4.99,129.24,736.365,4475.415,72.88,2024-04-23
"125","26_NP_05",10691.2376470588,3390.38035437661,446.183485714285,86.1842083620083,170.880737837838,37.3095804922587,78.668410619469,13.942361634779,2.2324552631579,0.451853252912421,0.02,0.45,6115.67,5102,304.19,11637.34,829.52,456.52,4.77,44.85,516.28,4278.27,64.33,2024-04-23
"126","26_NP_06",11731.4972588832,3456.72486202248,474.988221319797,94.2195604903958,188.589871698113,30.6393432564253,77.9036345177665,16.7619135774307,2.46454910714286,0.424142940502592,0.01,0.37,8786.03,7559,367.49,23480.89,1783.76,1046.14,18.2,81.21,487.9,4746.57,319.38,2024-04-23
"127","26_NP_07",12342.9252413793,3576.76162079317,469.857581909548,92.1999365310306,173.387867336683,35.9048025875978,89.3584944723618,14.5146198489619,1.98116447368421,0.437599687040666,-0.02,0.65,5976.08,5089,371.08,16415.83,1310.56,845.1,3.79,84.62,783.77,4598.31,59.81,2024-04-23
"128","26_NP_08",11687.328,3445.50282725608,455.98764,94.8345049218404,174.980463157895,39.814479615936,83.1391053061224,14.6914246392022,2.13301666666667,0.457123618525833,0,0.56,6094.77,4576,392.24,13634.75,1042.78,698.11,2.58,59.23,600.68,4327.71,41.69,2024-04-23
"129","20_COP_01",15005.3921288184,4069.27137735286,534.944620131745,109.607884272533,214.754484028287,43.1304752780698,87.1030953468668,15.6298240382938,2.52270582961602,0.53315410216867,0.005,0.415,5393.355,3942,275.305,17256.655,1295.09,671.295,5.045,56.445,473.975,3564.735,91.3,2024-07-16
"130","20_COP_02",17341.4828571429,5110.59323597007,588.065501417666,107.945661197931,237.187454024228,40.8183085648418,90.6845688380282,15.8141405387912,2.63577286434325,0.466674405516454,0,0.395,8291.63,7118,349.69,27470.92,1906.36,751.71,12.845,56.67,510.8,4980.305,232.475,2024-07-16
"131","20_COP_03",13122.9065284974,4017.82641565851,494.255715050168,107.562744093411,198.306969948186,47.1059777546059,82.7686723404256,14.9021548506699,2.41521276595745,0.544075464940436,0,0.5,6598.09,4793,289.73,16713.99,1264.74,1139.74,3.46,85.43,592.27,3780.26,60.28,2024-07-16
"132","20_COP_04",13351.635,3774.38142949359,497.640700327869,100.570557397526,195.360491803279,45.025182960445,83.5686124137932,13.2229959546828,2.35111475409836,0.547344163062653,0,0.53,5385.53,3834,285.84,17074.16,939.12,519.75,2.8,35.09,486.29,3832.82,50.72,2024-07-16
"133","20_COP_05",12503.9267175572,3484.27514680207,482.239536585365,97.7678795507547,194.272979104478,42.9511188759663,81.24588,14.0507602590499,2.37846382978723,0.56029577711299,0,0.44,6206.1,4418,276.56,17825.14,1121.85,534.18,4.78,40.61,483.94,3567.2,86.48,2024-07-16
"134","20_COP_06",19437.3658258951,5752.17729798173,591.198940293492,124.525242595325,229.163969917583,50.4445845817452,101.756180811766,18.7581001474305,2.27780511827865,0.469497140926325,0,0.46,5903.52,4278.5,257.92,17830.065,1268.27,573.21,4.425,51.44,562.775,3686.93,80.13,2024-07-16
"135","20_COP_07",15657.7900298082,4798.29452675327,550.949340006331,113.290510672575,217.345111465221,47.7059108211754,88.4380492543497,16.6020395966338,2.51299783045256,0.563738979217437,0.005,0.48,6097.17,3618,249.825,15919.25,1339.8,481.675,4.94,39.48,570.395,3907.465,89.42,2024-07-16
"136","20_COP_08",13558.32,3331.05268287494,504.0881,86.8329159195559,205.951745454546,40.0098436573356,84.1035073170731,11.5492434973296,2.44164257028113,0.489647922871213,0.01,0.4,7578.72,5891,349.24,19222.66,1352.24,528.56,5.87,47.2,511.07,3259.66,96.95,2024-07-16
"137","20_NP_01",12537.1303655664,4088.90495892548,488.000306036564,97.0421297941997,196.476789343508,43.8087568768464,79.9573626376022,13.8770659918419,2.461335389806,0.464614022308865,0,0.375,8655.165,6312.5,384.2,21233.955,1664.68,662.76,7.57,49.715,556.425,3513.495,119.99,2024-07-16
"138","20_NP_02",8379.3426506024,3421.87861151984,371.020077108433,85.9531977714701,143.258356626506,32.5894262135923,73.6345479452055,18.6428497391886,2.00242567567568,0.38492737481411,0.01,0.38,8477.76,6709,443.94,20526.33,1612.66,777.25,4.33,57.35,466.95,4510.04,78.44,2024-07-16
"139","20_NP_03",14817.8413407821,4574.54777774028,506.309428877006,108.197400755329,192.644607821229,46.3199155581955,96.2410324022347,17.1061035692214,2.13349082568807,0.462015380753739,0.02,0.44,4761.85,3896,304.41,11122.43,838.97,479.18,3.54,34.29,422.37,2910.1,57.37,2024-07-16
"140","20_NP_04",6601.19351351351,1689.42006608767,324.329577631579,53.9521842973419,122.094954696133,22.7125879724815,67.5312709090909,8.83994244284897,1.87578636363637,0.331999004853688,0,0.4,6982.09,5568,263.75,17844.82,1082.84,485.87,3.23,35.23,491.71,3159.24,58.52,2024-07-16
"141","20_NP_05",12849.84,3172.70291113347,479.315108571428,84.3075253508796,188.034774193548,40.7762231033671,83.265375,12.0976300054139,2.26499178082192,0.49271496192913,0.01,0.45,5417.38,4706,271.99,19323.47,1199.86,464.63,3.61,40.89,512.09,3569.26,65.37,2024-07-16
"142","20_NP_06",13167.5216227478,3254.29111988947,492.497394019626,84.1550835589219,195.908371874999,35.8973018745626,84.7687365484152,12.8285719818385,2.34091859649122,0.422020416211056,0.005,0.37,7320.94,4232.5,299.84,21864.49,1382.33,507.56,8.125,44.555,502.455,3401.195,135.275,2024-07-16
"143","20_NP_07",13166.8615384615,4155.39669047361,518.157033128834,107.345655663028,208.435773913044,43.8116195567367,78.8502198347107,15.5729589000525,2.57923033707865,0.583069583395035,0,0.42,6971.27,5065,365.58,17057.04,1395.82,664.28,5.45,61.4,559.52,4065.89,98.71,2024-07-16
"144","20_NP_08",7159.34621359223,2491.34234724983,351.388908131068,72.1764863287025,139.503947717391,26.0941574049473,63.7305388157895,13.2929577554397,2.20517121158888,0.408639723487856,0,0.385,8717.915,8277,463.935,21055.58,1657.165,832.15,6.615,69.63,501.64,3756.85,119.77,2024-07-16
"145","26_COP_01",12395.8263829787,3928.28987140252,466.165982608696,102.08988500323,179.088092307692,45.9605316118913,84.496009090909,13.9748517981801,2.11212925170068,0.504436126630745,-0.01,0.54,3282.63,2650,183.15,12516.12,942.73,422.99,4.14,41.04,510.86,3148.36,69.64,2024-07-16
"146","26_COP_02",7534.42641181378,2271.99577631353,358.692252022311,65.5405554026375,141.360180293296,26.8559750418483,67.0563058936493,12.0637461417651,2.17627745308019,0.424843783321759,-0.02,0.375,9233.27,7884.5,551.605,16460.205,1249.655,549.945,4.82,38.245,494.175,2975.28,87.22,2024-07-16
"147","26_COP_03",14441.368641115,3680.15155564631,515.081587274017,96.3227889345404,204.913401637331,42.1810771221219,86.0312420303285,12.3961348497836,2.46359154988438,0.501396003425882,0.025,0.45,6996.54,5713.5,363.995,16363.665,1237.53,532.955,3.715,40.82,554.17,3878.78,67.2,2024-07-16
"148","26_COP_04",10832.8768831169,3159.10840459211,451.292792417061,93.2314127493059,179.521209326425,40.1702513891667,77.6194062780269,12.8877396089078,2.28497435897436,0.555966104920883,0.01,0.42,5790.5,4096,260.45,20049.2,1139.27,656.65,4.71,46.18,572.67,3972.52,85.19,2024-07-16
"149","26_COP_05",13164.5956634669,3413.10050885886,483.070292415585,86.829437069388,194.027960494382,40.0776339281961,84.7347686545241,12.0225265512326,2.29051986597721,0.47898102810864,0.005,0.405,6395.315,4033,247.98,19835.32,1223.375,756.415,4.95,57.755,492.87,3370.575,89.535,2024-07-16
"150","26_COP_06",6580.33078651686,2076.56047031789,319.194372413793,65.8051637561369,123.700254545455,26.8677615858308,63.8437015384615,12.3691885111371,1.99996035242291,0.418295234557519,0.03,0.47,7457.38,6727,444.62,15845.6,1113.64,565.38,3.23,47.34,614.53,3547.88,58.52,2024-07-16
"151","26_COP_07",12674.0254945055,3818.60074777027,479.367,105.293002348183,190.926257142857,46.9453395278997,82.5132074534162,12.8779801882953,2.40505529953917,0.603441130308215,0.02,0.47,4419.69,3591,248.37,14061.36,1112.86,755.01,3.65,54.31,539.97,4131.36,66.11,2024-07-16
"152","26_COP_08",11238.9830136986,2726.16913204643,460.432997260274,83.092297543108,185.637945205479,37.9479743720202,78.6543555555556,10.9332571933593,2.38891532258065,0.546207335510885,0.02,0.4,4764.57,3888,252.32,13849.34,983.77,404.74,5.31,32.89,373.63,3573.87,96.15,2024-07-16
"153","26_NP_01",14069.0339086294,4526.78376470214,509.058,112.265881401006,201.626817391304,49.2096803308629,89.0460744827586,15.7091792345881,2.32303787878788,0.513888796027821,0,0.49,5248.34,4251,320.89,13087.57,1132.92,909.86,4.59,75.87,504,3630.6,83.01,2024-07-16
"154","26_NP_02",8210.95041956099,2833.86161621084,366.232429791395,82.4076577037221,138.368220271493,37.0848345041678,72.7850564462351,12.1600266883827,1.96400110566782,0.439312591078638,0.03,0.47,3514.635,3077,155.215,9339.075,627.54,466.12,4.45,34.075,320.6,2937.05,80.57,2024-07-16
"155","26_NP_03",7304.09875447387,2461.66109537954,351.755465097634,73.1473202535579,138.952254340397,28.8852500796411,64.402010064935,12.3476670840931,2.15343433872305,0.374256251431732,-0.005,0.445,9247.2,6645.5,442.095,22613.94,1767.105,939.275,6.485,72.625,550.5,4014.535,117.38,2024-07-16
"156","26_NP_04",13022.3779672131,3738.05240260458,495.680518032787,107.69395889376,199.641636734694,42.8832790874566,81.218256,14.3811235267394,2.49841832669323,0.59122548447835,0,0.42,5662.11,4697,304.96,14191.4,1140.8,470.11,5.6,39.34,482.95,4067.38,101.33,2024-07-16
"157","26_NP_05",12793.1098884758,3581.13720151851,484.780824,98.0818865873345,192.33079378882,45.1501158521537,85.187765060241,13.6714512096224,2.28897769516729,0.534574825506957,0.01,0.57,6684.96,5168,289.35,19901.88,1227.35,1130.36,3.86,97.74,633.46,4376.07,69.79,2024-07-16
"158","26_NP_06",5944.9720754717,2154.63279591144,320.319996428571,73.4857174807212,126.986822346369,28.7900237700015,57.2302188679245,13.6984572776839,2.23731515151515,0.486360236897378,0.02,0.39,7762.7,6244,459.42,21219.72,1774.25,966.82,4.89,86.01,486.29,3608.25,87.55,2024-07-16
"159","26_NP_07",11547.7488,3542.58522321598,464.26734,102.311651450893,187.126860546697,47.7611023219449,77.0599511907811,13.6081210724462,2.4684858847397,0.591264670407182,0.005,0.535,4032.88,2917,193.465,12733.685,910.85,495.695,3.375,46.705,486.445,3645.385,61.04,2024-07-16
"160","26_NP_08",13274.4208695652,3971.09875357838,491.371884782609,103.420548123541,193.389828571428,45.2890886968314,89.1217741935484,14.4409879391663,2.23304838709677,0.521926568025669,0.03,0.47,4392.21,2876,223.33,11384.65,923.7,325.17,4.13,33.37,483.23,3115.35,74.77,2024-07-16
"161","20_COP_01",13155.36304541,3617.43343802786,487.550643722926,90.603785823673,192.963030917875,37.1814079172252,85.3681944461049,13.1628589767484,2.19885411846924,0.399226125128864,0,0.455,6800.39,5802,397.315,18824.02,1372.625,565.39,3.42,45.705,567.38,3554.715,61.905,2024-09-05
"162","20_COP_02",13612.4171087035,3657.09603586099,491.767930774071,87.1049425712355,189.638247984189,37.3759020233034,89.6607206071144,13.956125890789,2.14521376845559,0.416957249428629,0.01,0.41,6305.835,4574,332.595,14167.86,1021.47,421.78,4.04,36.945,464.475,3162.18,73.105,2024-09-05
"163","20_COP_04",12176.7956756757,3782.95433804485,461.811457553957,94.3135001926676,177.774356756757,40.9387962583938,87.5753294117648,15.4794905731357,1.98027901785714,0.42621657132121,0.03,0.47,4973.87,4099,283.92,10741.61,761.73,474.43,3.69,37.55,376.35,3269.91,66.74,2024-09-05
"164","20_COP_05",13954.3355719896,3682.62490865865,494.059734039736,89.1682795081602,194.111303417556,35.5180966361948,89.5156099787505,13.935534438935,2.20652073170731,0.333630452824519,0.005,0.41,7487.135,5617,424.185,18563.73,1413.485,609.485,3.96,55.52,487.66,3824.41,71.685,2024-09-05
"165","20_COP_06",13508.5860539461,4747.39137592526,483.277094505494,112.572122092036,187.25350993007,49.1164544017985,87.7783227028785,16.6384736106002,2.10982657138112,0.480998448191171,0.03,0.49,6206.28,4611,256.365,14343.63,922.45,440.545,3.59,40.955,495.725,4075.915,64.97,2024-09-05
"166","20_COP_07",13766.4729113924,3910.19900742107,503.259391139241,96.263686905786,195.875923404255,39.9652480332169,87.5783620253165,13.4839296412634,2.24364189189189,0.440318437372429,0,0.44,6274.26,4097,284.72,17462.69,1327.53,640.74,4.55,48.89,579.15,3705.12,82.34,2024-09-05
"167","20_COP_08",15132.8654682168,3953.10144690955,512.172697983319,91.0776992927919,200.18252571699,39.4655977672069,94.7443786624204,14.425340534841,2.1116565140845,0.370543836189982,0.01,0.425,6266.09,4687,304.555,16666.375,1235.775,577.06,3.66,51.045,529.275,4348.345,66.23,2024-09-05
"168","20_NP_01",8411.21365756823,3008.13368746024,369.231415384616,88.2093504834804,141.419009756644,33.2266010668091,71.5597269326419,15.1104537262895,1.99622202797203,0.40672420087076,0.02,0.44,8286.965,6812.5,550.115,16982.27,1211.035,584.74,4.675,52.655,515.46,3545.415,84.655,2024-09-05
"169","20_NP_02",8691.44727272726,2568.4934559969,372.358760869565,64.9850611846682,140.082218181818,22.9010623826672,72.8318344186047,14.7024221500149,1.82366666666667,0.31568233644816,0,0.41,7875.65,6314,392.84,17867.65,1559.43,1080,15.74,73.79,402.89,3874.5,160.08,2024-09-05
"170","20_NP_03",13297.1087517934,3486.00379853687,477.762701908843,86.7456905218155,186.327792466888,40.2359791385693,90.4093160733611,12.2581794705705,2.10906839662626,0.430242199582951,0.025,0.49,3672.36,2753.5,212.145,12563.875,987.13,524,4.385,42.22,480.395,3039.445,79.31,2024-09-05
"171","20_NP_04",8167.42112359551,2339.46181063011,363.355263529412,70.0295191921102,139.506793548387,29.5963478211906,72.5035874999999,11.5562833934562,1.99371380471381,0.369752193647901,0.02,0.44,6158.75,5513,333.41,13588.05,891.73,346.32,3.61,38.22,458.88,3003.73,65.33,2024-09-05
"172","20_NP_05",13251.6264489796,3405.56646977097,485.148146477496,87.4219719637028,190.099416431991,34.762810770942,85.4396426168568,14.2291274364326,2.264941470928,0.425308749894371,0,0.44,7227.255,6266.5,448.645,14470.185,1097.495,475.275,3.83,38.84,451.655,3374.175,69.32,2024-09-05
"173","20_NP_06",11735.0363909775,3107.01271760498,458.152295575222,85.9630551720596,176.636240425532,37.1026893348161,81.2706496240602,13.2507768653878,2.23869565217391,0.408662421095494,0.02,0.41,6449.81,4080,284.08,13637.1,996.9,341.82,3.67,32.29,441.27,3529.31,64.15,2024-09-05
"174","20_NP_07",12585.1129411765,3936.22468917352,471.393635294118,95.2210063029084,180.670565853659,41.9137628673082,88.1499580110497,14.7603166448836,2.09107954545455,0.420065225480906,0.02,0.42,5169.43,4594,310.86,13064.76,833.33,241.49,4.5,29.56,423.26,2603.92,75.56,2024-09-05
"175","20_NP_08",8073.81112033196,2804.44256704176,356.642932780083,69.8133902031689,134.671833707865,27.4593082640949,74.3535918367347,14.3850304458908,1.96942857142857,0.387433720797468,0,0.34,6367.79,3214,296.97,16592.87,1248.75,511.77,4.74,35.04,395.34,2520.21,85.76,2024-09-05
"176","26_COP_01",13013.0249142857,3975.62037483177,502.206665142858,96.2229752256564,197.895437914692,35.1724119362189,83.4088954128441,16.8038094174426,2.38982530120482,0.554285158441499,0.01,0.43,8341.77,6186,346.91,28114.75,1965.52,948.88,12.66,88.9,492.04,4266.9,215.28,2024-09-05
"177","26_COP_02",11350.0283586207,2792.43266097265,437.360443384616,77.556601722571,164.67694741416,34.2368490006535,85.6107315665025,13.942086063348,1.94512486937886,0.371772386838874,0.03,0.49,3799.11,2753,181.91,14455.59,833.685,367.835,2.975,29.59,429.175,3058.96,53.775,2024-09-05
"178","26_COP_03",11323.3835448747,3892.17308914171,439.032029882096,100.670468295114,167.697642666666,39.9077325929586,83.8384588001365,17.6208754596827,1.99154037549319,0.421281110203609,0.015,0.495,5021.975,4796.5,381.965,11238.13,800.625,372.15,3.45,33.95,449.055,2788.495,62.47,2024-09-05
"179","26_COP_04",12666.1575178998,3494.87993860997,473.086953191489,85.4507424487885,183.018292271663,35.9197468181083,86.0377065989848,13.772870185958,2.12971532846715,0.398795385639203,0,0.42,6475.63,4674,322.99,17377.22,1074.39,384.77,3.1,34.44,449,3061.44,56.04,2024-09-05
"180","26_COP_05",13277.1532075472,3347.84638204222,458.553136271187,78.414124700863,169.508635932203,31.7148494337121,97.5951692307693,15.0224924183326,1.78631165311653,0.300567681045328,-0.01,0.48,5945.16,4834,354.94,18757.44,1237.81,441.38,2.39,37.16,550.8,3156.13,43.19,2024-09-05
"181","26_COP_06",7394.44581818181,2163.92797170286,347.472404494382,63.2238360858891,133.793118202247,25.1668092672059,67.9159354838709,11.6447844617983,1.99040588235294,0.350690873987803,0.02,0.5,5814.64,4139,211.96,16777.36,850,803.38,3.09,65.28,411.38,4054.47,55.96,2024-09-05
"182","26_COP_07",12868.864171123,3108.29279911855,473.412071569544,78.8820196257382,187.724197716217,35.9186934218582,86.8368115429764,12.0441846326576,2.17736712157082,0.393970575328828,0.005,0.42,6551.585,5675,426.52,18395.655,1362.695,418.155,3.785,39.475,590.88,3416.245,67.895,2024-09-05
"183","26_COP_08",10385.9427576773,3074.50562196389,408.992541160276,78.4504341910398,155.476701472342,32.9805233932586,80.485903411282,13.4527780482472,1.97354472984177,0.330923905930331,0.01,0.42,5245.16,4550,241.65,13972.98,861.225,247.485,3.35,30.42,341.78,2700.02,60.625,2024-09-05
"184","26_NP_01",16767.2136263736,4209.57834347468,548.355460373831,99.7724654210922,218.933281914459,40.6775236289964,95.6267808510638,14.1425460211897,2.33837504507753,0.404032522252098,0,0.43,7781.28,6003,358.025,18659.005,1518.98,530.25,4.115,50.2,556.47,3625.1,74.465,2024-09-05
"185","26_NP_02",6208.06899978582,1822.78773007969,312.057720641088,60.6142120959021,120.066818819906,25.2799775707229,63.2462145427286,10.5118482673117,1.92177919427908,0.396846610927499,0.005,0.495,5298.01,4286.5,254.215,11896.18,679.215,377.47,2.45,29.305,389.94,3709.155,44.28,2024-09-05
"186","26_NP_03",5866.18478826873,1568.90999296973,310.122643319905,58.805136159128,121.415006828095,24.5501796708058,61.1360260030812,8.66792361271329,2.00517053503885,0.402774620323421,0.015,0.48,5498.03,3883,206.135,15462.535,734.395,235.185,2.675,24.505,379.855,3076.985,48.385,2024-09-05
"187","26_NP_04",11362.4517129928,2701.69399562646,437.268077569489,72.4888510060444,166.730597802198,30.1527541059947,83.1215268623319,12.223215853819,2.02833953365363,0.346564314982991,-0.005,0.42,6564.29,5536,312.475,16581.905,1064.705,350.695,3.34,34.84,500.03,3017.965,56.865,2024-09-05
"188","26_NP_05",15520.1384527221,3830.13605480214,529.723444126075,91.1792793581695,210.991393548387,36.5838746235313,92.4500463157895,15.0061767074854,2.35126842105263,0.409098286017296,-0.01,0.38,8976.13,5444,331.19,26353.05,1746.25,523.34,5.15,49.97,583.9,3263.93,93.2,2024-09-05
"189","26_NP_06",7061.89633136095,1988.32131217086,335.600797633136,61.2991704049864,122.079214285714,26.0930690672313,69.0002649350649,11.3700653352687,1.80874534161491,0.363285708548734,0.02,0.52,4726.3,3700,178.27,10359.18,556.93,289.95,3.23,19.41,289.24,2550.11,58.52,2024-09-05
"190","26_NP_07",13854.4777981651,3273.01349914967,495.686820618556,79.4081824544802,192.582707692308,31.3448960901558,91.2069540636042,14.3863618715378,2.15354416961131,0.348632691060135,0,0.4,8613.57,6970,418.1,27054.59,1804.06,810.02,6.37,61.62,522.61,4189.77,115.35,2024-09-05
"191","26_NP_08",12162.540373599,3167.90317345045,455.318694510091,83.8965248566062,179.114617702479,36.2087818483395,85.2019690103,13.480603183153,2.15180541286149,0.409857382654562,0.01,0.42,6120.58,3838,244.07,17903.84,1115.975,421.37,4.005,34.945,477.195,2934.175,72.495,2024-09-05
"192","20_COP_01",12414.0394936709,3999.07367565427,483.977476243093,101.370902768142,189.868455,43.9394606928715,75.2431404255319,15.018513710707,2.44192427616927,0.537715751159687,0.01,0.49,5770.53,5222,405.62,14440.88,1149.85,911.4,3.6,97.56,500.91,4201.29,65.09,2024-11-21
"193","20_COP_02",10320.31828877,2463.46191009847,444.842750871497,77.0066580996007,178.929315883753,32.716656400235,73.1122090107264,10.6942385665154,2.38191801559767,0.45822057404348,0.005,0.38,7479.5,5702,412.435,16644.71,1328.17,630.595,5.595,49.18,465.935,3532.65,101.335,2024-11-21
"194","20_COP_04",12030.5230041148,3062.2557293614,470.018173763374,87.7789141189443,184.860955662855,36.3194011693816,80.9907577112812,12.3684573729582,2.29871924664028,0.459097526127902,0.01,0.42,6583.1,5034.5,303.08,14603.765,1111.37,488.935,4.23,38.015,469.5,2523.09,68.935,2024-11-21
"195","20_COP_05",9159.62325757888,2177.16506847295,402.941050057405,71.8148486650509,154.574004509284,31.3854681949657,73.7875091256367,11.3657100481667,2.07223707773707,0.463180509369912,0.02,0.395,3897.55,2082.5,180.34,10784.72,680.28,306.31,4.845,25.32,301.86,2938.23,87.61,2024-11-21
"196","20_COP_06",11678.7933658537,3322.06906589508,463.263949367089,99.2351449642771,184.344462439024,42.203687689959,79.3987442307693,12.6043550498812,2.33818421052632,0.549741792072406,0.01,0.48,3374.75,2752,241.41,11326.1,943.23,490.36,4.59,34.96,417.46,3241.67,83.16,2024-11-21
"197","20_COP_07",9657.68593350384,2929.66784161832,435.2398074204,99.8364222338845,172.557388797004,42.2942974950433,71.9292718880853,12.9873908769852,2.41820967964651,0.607984388381599,0.03,0.5,3828.525,2462,162.955,14649.425,1024.1,604.915,2.795,52.505,494.845,3524.57,50.575,2024-11-21
"198","20_COP_08",9599.82635595653,2851.12841707183,414.314936998771,81.2619223366764,163.763150360501,35.6664448564001,72.917706837961,13.0691398435071,2.26012732629665,0.501502457757698,0.02,0.55,5167.345,3173.5,278.855,13598.14,1092.285,830.71,5.385,65.72,534.92,3597.24,97.455,2024-11-21
"199","20_NP_01",5752.73009708738,1854.67723873781,309.458915081206,59.6381917642293,116.321830434783,23.7168751064361,61.3829675675676,11.5965984156876,1.95886956521739,0.423591669325347,0,0.61,4311.74,3960,187.09,15032.28,834.35,366.69,2.49,42.99,527.48,3224.51,42.35,2024-11-21
"200","20_NP_02",6993.30730506156,1962.3271994904,343.671157653062,60.0626362173541,131.788690229111,22.5344062730697,66.825294126506,11.5114794020844,2.02237907743828,0.377853270749555,-0.01,0.315,8097.63,6014,360.655,19152.095,1444.205,581.045,6.145,39.765,402.375,3338.73,111.27,2024-11-21
"201","20_NP_03",10892.7967095116,2577.74539920135,452.034546067415,73.5446787055326,177.546526363636,28.2905348935674,74.7473454545455,12.2653214467268,2.40439568345324,0.450908984596304,0.01,0.37,8080.29,3942,346.89,17071.64,1423.95,646.36,7.37,49.35,412.08,3293.63,133.36,2024-11-21
"202","20_NP_04",6020.84571428572,2551.09442284331,334.74570678733,79.5408215609559,122.777934545455,28.335730100081,63.8127,13.795351318242,1.96568817204301,0.395003167528078,0,0.33,8967.47,5008,415.13,20247.64,1657.67,553.15,13.16,36.6,266.01,3097.02,225.86,2024-11-21
"203","20_NP_05",10452.6741711022,2911.53453584609,437.522698485437,82.8361744533004,170.015092437457,33.9446452266625,75.3112960893855,14.4551224963982,2.25247997685185,0.504651887004228,-0.005,0.505,6640.53,5263,324.855,13599.41,1100.735,309.385,2.64,34.465,498.19,2895.535,41.3,2024-11-21
"204","20_NP_06",9371.41307210032,2257.18336689214,399.960897721176,69.9733194161994,152.368960224623,30.1657179865835,74.3132583981632,11.5893334769426,2.09105077711641,0.457375189093354,0.03,0.475,3596.755,2452.5,180.645,9618.875,766.48,342.71,3.86,28.575,366.28,2989.895,69.93,2024-11-21
"205","20_NP_07",8620.32648648648,1848.97191024201,388.575672,54.7690289009745,150.587050306748,18.7885195365643,73.385136,10.9562482949594,2.05298159509203,0.316109888651765,0,0.21,9082.22,5445,386.1,20692.79,1447.94,445.7,19.01,35.09,241.98,2325.54,187.93,2024-11-21
"206","20_NP_08",6593.05033811951,1819.16749633843,328.496516370185,56.9258196421731,125.839298285852,22.2639973085137,65.0160009473685,11.9235746773223,1.94119086419753,0.39103126973697,-0.005,0.36,8164.215,5252.5,317.25,22785.285,1695.705,650.575,21.675,54.34,337.185,4026.685,348.845,2024-11-21
"207","26_COP_01",9466.49126491646,2598.73777435725,413.442566585957,82.6165124735209,161.15268377724,36.9550480505399,73.3078683291771,12.3650690927013,2.22531026252983,0.521608589192575,0.03,0.52,5345.8,3453,216.23,12282.04,825.66,415.09,3.12,37.73,432.89,3564,55.52,2024-11-21
"208","26_COP_02",15365.143880597,3775.78180413376,526.437456716418,95.7740554522556,200.107,38.1581594299121,91.1976149068323,15.6913498414062,2.17387272727273,0.41108651795589,0.03,0.5,5823.36,5308,368.48,14000.86,1234.47,694.31,5.51,58.3,503.25,3070.64,99.78,2024-11-21
"209","26_COP_03",12296.3115789474,3680.06000788104,475.996855263159,91.1178096731163,187.808021052632,37.9880499298269,82.6443618320611,14.7380666243094,2.31633488372093,0.446988962867054,0.02,0.44,6987.68,5765,330.3,14676.63,1177.63,473.17,4.52,44.66,506.38,2982.83,81.75,2024-11-21
"210","26_COP_04",13037.3788235294,3577.416253738,506.550215028902,98.0807583866413,199.575821965318,38.710733739693,82.8926752293578,14.9082782426555,2.41862837837838,0.475239312415377,0.01,0.47,6970.31,4623,226.78,18857.91,1416.23,811.6,4.29,59.3,487.09,3086.65,77.61,2024-11-21
"211","26_COP_06",5895.62181818183,1765.81828946333,319.921134545454,64.0491971962114,124.206309473684,25.68558344691,60.7756357894737,10.2836771800735,2.04743925233645,0.426036817497954,0.01,0.53,7553.53,6324,442.27,12352.17,1020.89,456.19,2.71,43.07,451.56,2624.13,49.03,2024-11-21
"212","26_COP_07",12122.1550588236,3481.91913442625,466.286833990842,91.6397982813874,182.905981714512,39.6497791645412,81.8104062032087,13.1271803891778,2.27176659624864,0.481052930270652,0,0.66,4136.62,3720,224.505,16364.595,988.86,608.7,2.3,52.11,492.595,3851.51,41.685,2024-11-21
"213","26_COP_08",11126.1373426573,3054.94380324376,455.348434452871,85.0806435268076,179.945259263272,38.781299929152,79.5166448227829,12.9161279637819,2.25706689602446,0.488442140767623,0.02,0.505,4293.4,3537,274.26,12834.51,1027.755,418.055,3.46,41.49,448.25,2894.43,62.625,2024-11-21
"214","26_NP_01",13174.6103496503,3562.04226079357,492.751,93.5856683610238,190.517266516854,40.8565532023898,85.6350701298702,13.741837403221,2.27921645021645,0.443705718263605,0.01,0.48,5761.1,4404,412.93,13700.41,1134.9,676.75,4.66,62.71,496.99,3952.57,74.17,2024-11-21
"215","26_NP_02",14181.7427027027,3733.29271622807,508.461616551724,92.0728848969979,196.589767313019,39.0807360242636,90.7901632653061,14.849036018638,2.25524626865672,0.481324004609985,0.01,0.46,6018.63,4850,313.42,14894.44,1084.41,625.05,3.97,47.71,452.87,3706.11,71.95,2024-11-21
"216","26_NP_03",11020.9818045113,2762.63793684177,471.480037425319,74.9180262581992,189.014017339972,28.7925884010552,75.0655372838346,12.2887881874437,2.54677796052631,0.465209390029658,0.01,0.37,8321.245,6981.5,412.74,22062.115,1390.15,650.08,6.245,53.12,450.42,4205.605,113.105,2024-11-21
"217","26_NP_04",13611.7403544304,3012.63405094976,507.424138317757,77.110289550622,200.835010285714,33.1000993498857,85.5455841059603,12.9579941250182,2.46942857142857,0.464303434073284,0.01,0.4,6634.9,3976,321.08,18599.76,1467.1,748.8,6.85,76.27,513.19,4517.78,123.92,2024-11-21
"218","26_NP_05",11673.8108411215,3039.04656063177,474.414928603105,82.4168529373607,191.793493220339,34.4327500460155,78.4281695364239,11.6483205666721,2.54427135678392,0.513241676507678,0.01,0.38,6809.84,5513,414.88,16190.83,1355.9,610.43,6.01,51.18,530.87,2943.19,108.82,2024-11-21
"219","26_NP_06",5847.11112708601,1775.83482468091,308.999244902737,60.392247459805,120.255436742985,23.0361186272038,59.3368544865212,10.6538121224886,2.08929139344262,0.400472723409986,0.01,0.42,8286.965,5559.5,451.775,15703.13,1141.62,475.325,3.335,45.775,455.23,2468.55,60.37,2024-11-21
"220","26_NP_07",12536.5545240642,3460.17031615972,488.208519066339,94.5678834120141,192.188415396763,39.0808532310206,82.8366041157396,12.8997121980922,2.38359636363637,0.477818836541683,0.005,0.445,7384.87,6579,457.09,14191.2,1165.61,658.95,3.31,53.02,523.725,3773.94,58.55,2024-11-21
"221","26_NP_08",10687.0303759398,3298.3112789607,465.051219875777,90.9212418342556,184.792060150376,38.7570988665534,72.3613819905213,13.4645008910482,2.48386713286713,0.491542244366292,0,0.48,7492.45,5113,405.58,16295.79,1373.55,849.52,6.17,76.47,555.88,3211.06,111.66,2024-11-21
"222","20_COP_01",12983.8277033298,4965.6633053417,521.858827967807,136.154138586873,201.685401152783,42.6566418086683,79.8347135697238,20.1780466365907,2.63471175675675,0.580620534418339,0,0.575,7062.35,5350.5,253.47,17697.94,1525.7,806.785,4.325,74.5,629.15,4100.135,74.635,2024-12-12
"223","20_COP_02",9539.31286307054,3600.9582837526,441.7536,96.9378440090061,176.189942686567,36.9332044133219,66.5646019292605,15.9870909551568,2.67624358974359,0.641605325321371,0.02,0.56,5687.23,4034,282.8,16751.45,1172.81,1084.96,4.06,100.56,573.02,4832.54,73.53,2024-12-12
"224","20_COP_04",8951.29772422361,2959.31801137712,447.764272658385,99.160817016887,178.790842973452,36.4993814829952,63.6273706304348,12.7705228849573,2.86290799269318,0.603157816556109,0,0.395,7752.1,5626,425.535,17139.505,1429.435,988.785,5.91,85.635,416.525,4591.66,83.53,2024-12-12
"225","20_COP_05",10744.7775319149,2529.71847953805,456.788041463415,74.0634092683652,177.094345392492,32.6024837781228,74.0256644295302,10.6029977270381,2.50349169435216,0.484012263113229,0,0.41,7055.78,5492,329.55,16941.9,1174.41,579.2,4.76,41.18,470.14,3566.42,83.71,2024-12-12
"226","20_COP_06",14502.24,3743.29009061423,524.48932173913,88.3468823327138,207.114370546318,36.206505697388,88.9203844660194,14.7719792016,2.46849743589744,0.483989183070871,0,0.43,7017.47,5882,375.41,21046.17,1390.95,700.02,5.7,55.78,560,3555.84,103.12,2024-12-12
"227","20_COP_07",14733.5635161596,3850.66689071298,538.605818219197,94.5078911842452,212.053081557421,39.2774456040828,82.3098938625118,15.6176356146071,2.6754580026455,0.449518812097201,0.01,0.335,8287.075,7502,655.74,17454.17,1713.49,782.765,5.95,69.155,523.765,3369.925,107.7,2024-12-12
"228","20_COP_08",9382.81290078144,2630.73096551086,437.393241097271,85.8137326663442,171.757893254836,38.4172904299499,69.2880667619572,11.7959250880774,2.4268900909491,0.59244281218843,0.01,0.465,5492.805,4755,308.21,15295.865,1010.415,587.67,3.455,49.43,475.915,3590.675,62.535,2024-12-12
"229","20_NP_01",8723.49579831933,3279.99748613611,433.201159663866,99.9733682840189,172.194810810811,43.2394654705285,63.0009746724891,13.2222622888533,2.63290114942529,0.594831093535475,0,0.48,7262.08,6414,448.81,16404.15,1200.98,952.67,3.54,81.82,607.84,3751.39,64.03,2024-12-12
"230","20_NP_02",6033.37155890439,1836.51938915024,323.803174315069,61.902660782871,123.300367074278,23.6835890664624,61.3185249046641,10.8804719441632,2.07313455681788,0.43079374904233,0.01,0.405,7087.17,6578.5,324.35,22150.185,1417.455,732.8,3.715,56.86,468.95,3650.695,67.17,2024-12-12
"231","20_NP_03",8771.61423312883,2548.78818484228,420.773283453238,90.3119245005869,165.415558273381,39.2819306866112,66.618918367347,11.7509667420473,2.50294239631336,0.611203253442193,0.05,0.54,3643.09,3418,259.12,10762.72,930.36,756.98,2.9,81.55,515.47,3037.68,52.54,2024-12-12
"232","20_NP_04",5368.12339342524,1623.83782398806,303.553013811659,60.0161638067393,114.039739741747,22.1751519978312,57.8941205192246,11.1457592254589,1.97358012170386,0.466519944714657,0,0.355,7427.575,4697.5,287.18,14814.21,1293.895,593.51,5.115,61.27,425.225,3671.78,92.61,2024-12-12
"233","20_NP_05",11620.4391154791,2882.82318215786,482.342011578948,79.2212854643069,189.617563636364,32.4690520823761,75.3049285714286,12.9402114088431,2.52197361477572,0.463255993675268,0,0.38,7383.99,4029,211.03,18984.3,1248.17,810.74,5.2,62.2,515.16,3794.97,79.45,2024-12-12
"234","20_NP_06",7507.19172413792,2110.31704126771,378.392785714286,77.9516966652475,147.142176678445,31.1914141998477,63.9873310344828,12.7027068308964,2.42782352941176,0.53243828084201,0,0.47,5658.24,5384,414.44,13934.75,1049.76,559.37,3.82,47.48,492.72,3492.58,56.49,2024-12-12
"235","20_NP_07",3918.27823008849,1573.56511716439,256.763660176991,59.3924123324978,99.1479504424778,24.6162019085952,50.8977171974522,10.3973882376262,1.94006666666667,0.492721043240995,0.02,0.66,4900.79,3168,265.61,11656.66,784.27,483.28,2.11,46.94,463.79,2742.46,37.6,2024-12-12
"236","20_NP_08",5222.9190596745,1758.5129511123,304.095601421552,63.3345828087242,117.954312146384,24.2486304526804,55.0735501851525,11.2928912732951,2.0374705556905,0.520093547684951,0,0.38,8913.3,7570.5,584.27,20680.855,1844.16,786.195,27.92,55.69,366.19,3295.08,405.27,2024-12-12
"237","26_COP_01",8968.15168831169,2995.94223989546,424.719608333333,85.9746512717382,169.480516302766,31.4121542792979,63.337588133008,14.8498543931637,2.75523887383318,0.589594605885317,0.01,0.435,7455.95,6878,626.845,18110.775,1738.7,883.085,7.655,75.495,519.31,4544.435,138.52,2024-12-12
"238","26_COP_02",4869.43620548436,1510.62359156808,290.013258085697,56.4914973487443,111.836778834844,25.5095933677908,55.6619433999284,10.0724474216817,2.02885097058767,0.464880252082854,0.015,0.56,5175.445,4537,280.97,11268.69,799.48,516.085,2.36,40.3,447.25,2781.665,42.745,2024-12-12
"239","26_COP_03",10855.4043167156,2446.71442727845,461.44266482369,66.0360713585537,183.360776159317,25.5678857511402,74.5764054193548,12.5447508919227,2.49707430875576,0.410837999232845,-0.005,0.265,8875.73,7155.5,353.845,19212.715,1485.435,506.755,11.745,38.98,405.95,3876.65,177.36,2024-12-12
"240","26_COP_04",8686.71867891204,2698.19855557208,408.559444909841,81.6208940208101,163.286502732055,37.4966154747559,68.8384770211611,12.5669341561398,2.47642639927258,0.60420281576682,0.02,0.49,5888.735,4605.5,326.64,13759.35,979.54,654.465,4.005,54.6,491.135,3901.245,64.355,2024-12-12
"241","26_COP_06",5090.71770773639,1330.35703072775,294.015624827586,48.9583462790057,113.932179310345,17.7557727716675,55.6032893982808,10.2625302566895,2.03334375,0.36161839172997,-0.01,0.3,9268.23,6495,312.47,32460.78,1547.14,596.53,4.05,45.86,388.05,3636.14,73.34,2024-12-12
"242","26_COP_07",10192.5605317928,3783.107096147,444.692509374835,112.741903242573,174.281351297363,40.653043212049,72.3128276574803,17.6314118339328,2.43105438066465,0.582869745406404,0,0.535,6159.36,4108,276.605,16536.515,1244.685,851.195,4.67,69.9,501.79,3107.595,84.485,2024-12-12
"243","26_COP_08",11422.6377887164,3553.4605436325,472.662970488323,95.1701348633871,185.309184892097,34.7585673064791,77.3824701046338,16.6131210502992,2.45334965292708,0.49012333336772,0.01,0.425,8227.31,6199.5,473.5,16951.9,1331.295,601.255,5.335,51.91,470.27,3432.34,96.63,2024-12-12
"244","26_NP_01",10559.7291808679,2505.73938068636,449.848441168832,70.8430005425809,180.420947743852,27.8495050145576,74.8022714901557,12.811938131741,2.38634480291014,0.415331233331926,0,0.325,9131.43,7601.5,368.1,28162.325,1443.75,404.12,3.965,32.685,435.845,3509.66,71.72,2024-12-12
"245","26_NP_02",10689.0204916943,2977.35603115307,474.481593939395,85.755375368314,188.322224431818,33.5902428445097,71.4727777539157,13.1141753270605,2.66335330856056,0.521751017830157,0,0.425,8396.715,4434,272.155,26584.24,1504.965,685.105,2.71,54.59,546.335,4145.36,49,2024-12-12
"246","26_NP_03",8554.76806866952,2621.50905444765,410.114037885463,80.4329747650404,160.031830837004,31.4169627095383,69.517425974026,13.0055842883429,2.42312958963283,0.497169463747929,0.01,0.5,5808.78,4290,263.19,18406.34,1101.93,440.99,3.71,42.07,494.69,3037.37,67.19,2024-12-12
"247","26_NP_04",13793.6995804196,2975.02554222632,507.182929411765,79.6500620980102,199.283780046404,35.0008381119053,86.2034644067797,12.6342427130235,2.36679912663755,0.399301491916826,0,0.39,7182.66,4898,365.38,18143.84,1230.89,565.45,4.58,49.29,492.95,3934.82,82.88,2024-12-12
"248","26_NP_05",10658.4231885856,2370.2215271751,470.941757983312,72.6283619834952,186.37881675266,31.3478727991909,75.7261915384615,10.6077869020721,2.5605773015873,0.447148120532129,0.01,0.38,8978.355,7848.5,476.195,21308.905,1436.845,590.655,5.705,41.75,428.315,3159.13,103.305,2024-12-12
"249","26_NP_06",5067.36,1275.45078025676,299.483396129032,48.8220827882235,115.783425,20.2034577761224,54.6423,9.45208692147133,2.13347972972973,0.419711681419139,0.01,0.39,8786,7636,478.32,17175.72,1343.33,525.57,3.38,44.64,526.65,2625.62,48.87,2024-12-12
"250","26_NP_07",11585.6098758621,3106.39886675541,475.619760485175,84.8074627268109,185.664266842025,31.929098024253,77.7357202005662,14.0536776113426,2.45886520229044,0.523074411870253,0,0.4,7829.945,6396.5,367.945,13178.61,1116.635,487.26,5.54,38.195,441.51,3451.1,100.24,2024-12-12
"251","26_NP_08",10206.245494176,3058.39606989066,445.022162581932,89.6215151169365,171.699052540835,33.6298108755472,74.1846957024794,13.9338740131093,2.43223438460072,0.548714752525187,0,0.435,6776.12,5126.5,363.795,17671.98,1493.8,930.74,4.58,86.375,596.975,4333.815,82.895,2024-12-12
"252","20_COP_01",10054.1095128788,2942.80134740547,456.874410249948,87.6706804282066,180.753370445344,38.5548976723382,68.7190397192773,11.9256334365297,2.66564228137912,0.553949583644445,0.025,0.415,6614.27,5154.5,298.01,18356.175,1095.795,654.645,5.335,57.175,537.34,4960.02,96.62,2025-01-23
"253","20_COP_02",11450.8955675676,3264.08082204195,483.594815730337,95.2704733425915,186.681386982249,42.5507046989953,76.2567370786517,13.1750980733854,2.48029710144928,0.523373086636437,0.02,0.58,6419.9,4750,331.1,19185.89,1102.39,1504.32,2.72,111.78,577.85,4885.35,49.2,2025-01-23
"254","20_COP_04",12193.3661538461,3741.54366557764,492.712151131222,108.605974006485,194.627915492958,42.0253634474099,75.6591942857142,15.0002443929155,2.45343650793651,0.549383567455307,0.01,0.44,6890.42,5270,220.43,17062.95,1033.9,859.03,2.58,52.24,396.46,4020.25,46.77,2025-01-23
"255","20_COP_05",10934.0609166287,3369.09571827605,467.817867706564,104.858758013577,183.66278030888,40.021992938461,73.7867194598056,14.2747151734172,2.42552513615417,0.531744197032307,0,0.48,7887.115,5414.5,286.495,22211.235,1282.325,1228.24,3.915,94.495,563.58,4617.735,70.845,2025-01-23
"256","20_COP_06",9552.67984435799,3469.83447450329,446.440125405405,107.15461620514,175.911625945946,46.7678510573324,69.4553076923077,16.1238969892963,2.55964411027569,0.747515293262442,0.01,0.63,6176.53,4528,296,13909.51,1207.85,1743.18,2.52,124.36,532.25,4823.84,45.69,2025-01-23
"257","20_COP_07",8983.81026256564,2447.95738369572,438.740768493996,75.6792851296175,161.64093374162,31.1756174042491,71.6753796791444,11.7293855604653,2.3094340881273,0.434307610092976,0.005,0.375,6922.435,5686.5,281.73,13542.94,736.21,458.055,3.88,34.255,358.905,3510.83,69.35,2025-01-23
"258","20_COP_08",10598.7886363636,3124.25637219653,470.34559839527,90.5945162116809,187.189908282396,37.8678581690429,70.4520656978709,14.744557132087,2.64196664222874,0.587308345273603,0,0.5,6249.715,3209,171.655,24861.755,1450.31,1526.95,4.415,107.105,621.275,4959.855,71.06,2025-01-23
"259","20_NP_01",10617.9546496815,3053.74938610779,474.939278521941,92.0659671978379,189.242793630573,40.3369160359417,71.6316523489933,11.8625717956404,2.66418475750577,0.527576424690876,0,0.46,7308.32,5832,359.06,22617.86,1372,1162.28,2.57,87.9,572.61,4946.78,46.52,2025-01-23
"260","20_NP_02",5785.62506024097,1683.54172998274,351.326620118343,68.1046379870633,135.46164534413,22.9266615433308,54.7585740932642,12.3490856307204,2.68534311512415,0.739300468225566,0,0.35,8919.15,6676,357.9,22618.04,1635.09,774.25,19.98,49.64,389.36,4528.03,219.49,2025-01-23
"261","20_NP_03",10547.583456985,3190.25794753862,470.454019993402,111.043366185892,179.731417785546,42.8747623308355,70.0677438025888,15.9092946842795,2.63913832095945,0.583264023958733,0.01,0.485,6948.285,5520.5,280.49,22472.455,1382.285,1290.83,3.1,81.245,616.73,5041.615,56.15,2025-01-23
"262","20_NP_04",6747.21980198019,2027.47777297805,359.612304950495,75.5597612309062,138.992345864662,28.3830965955187,60.7179789473684,11.5768278935161,2.3128578313253,0.458948475733395,-0.02,0.54,7706.62,4905,292.49,22999.99,1232.86,1092.89,3.66,78.01,591.24,4913.01,66.27,2025-01-23
"263","20_NP_05",9301.54576271188,2603.56442460154,434.847233898306,81.9799646739181,168.985435079727,35.5101657712758,68.1115034482759,11.7281439930687,2.56672839506173,0.561358897217038,0,0.44,7308.95,6171,329.71,16133.15,906.9,1182.99,3.85,81.25,492.36,4825.79,69.67,2025-01-23
"264","20_NP_06",12056.2305882353,2970.67047673303,503.506335483871,81.6594806603988,201.113879194631,34.2029463807675,78.4984169265035,11.3595336822436,2.60233701657459,0.51344206743602,0.01,0.41,8600.5,4553,238.52,19193.7,1102.99,656.46,3.58,58.51,430.86,3401.83,58.91,2025-01-23
"265","20_NP_07",5886.70099151104,1822.49992687459,350.020651348314,70.9555522649786,136.994620106923,26.7002610150125,54.0633249328929,11.5470226549781,2.52383971366324,0.576217486982731,0.015,0.505,6363.88,4420,290.715,16884.345,1129.455,933.76,3.32,83.605,464.275,4424.9,60.04,2025-01-23
"266","20_NP_08",5683.41401273886,1302.07598435594,333.117583098592,60.889760643688,130.184923943662,22.2819025753895,55.5365189189189,8.90563676999958,2.48262941176471,0.444108731101574,0.01,0.41,7640.91,5668,455.97,16579.28,1118.76,557.88,5.41,40.4,412.14,2616.26,97.84,2025-01-23
"267","26_COP_01",12235.35375,3961.6697452086,504.577750344828,116.483855274776,203.917007734807,41.9845196037882,74.878846875,16.911953856972,2.7896171875,0.529120522555784,0,0.47,7801.3,6138,427.27,23830.25,1859.17,1246.45,8.8,95.33,481.45,4960.75,115.29,2025-01-23
"268","26_COP_02",5229.20447999999,2287.1368639195,318.461713879003,90.5103093200922,123.363903202847,28.2172970925574,53.9842997742664,14.7078733230265,2.43032085561498,0.604329908437359,0,0.5,7828.84,6468,304.3,19674.87,1290.27,823.43,3.91,62.09,492.1,4549.11,70.83,2025-01-23
"269","26_COP_03",10699.6271770335,2577.16603190353,468.000226008969,89.9887358827161,177.487984775086,35.2375972852215,75.2992036363637,12.8059160584414,2.41676066350711,0.517554452388586,0.01,0.44,7725.13,4725,218.77,23613.76,1186.9,1585.01,4.05,100.01,551.99,5604.57,65.24,2025-01-23
"270","26_COP_04",8406.4863937897,2570.28837310602,409.589333574453,86.9381977272586,154.136948739891,33.6539054881455,67.8525139028351,14.0927260491878,2.3922640425234,0.53572626508609,0.005,0.435,6351.64,4668.5,249.605,24048.565,1330.5,946.115,4.17,84.09,612.66,4641.44,75.465,2025-01-23
"271","26_COP_06",6619.27945776851,2393.12348805459,357.848208521924,87.2193891896851,135.162284409389,31.4117778007444,60.7137974628712,15.0578180396385,2.39935685483871,0.60959056029863,0.01,0.495,8683.355,7322.5,388.175,25236.585,1682.55,1323.375,6.04,117.735,536.5,4337.61,109.305,2025-01-23
"272","26_COP_07",11167.4762081484,2886.55002743022,472.703789189189,84.5962335924696,185.004608108108,35.4019050913423,74.3129892964984,13.4201814228176,2.61456193178288,0.580578390790397,0.01,0.49,7733.97,6244,448.475,17646.545,1262.495,951.08,3.73,73.72,531.675,4681.67,67.54,2025-01-23
"273","26_COP_08",11760.3896826505,3924.99608571558,493.301562983349,112.438971416041,189.746161855431,39.9328140313985,76.658473415074,17.0287841003871,2.55636481477218,0.554873830788561,0,0.49,7392.27,5644,348.705,19779.075,1364.44,1018.85,6.245,89.715,463.065,4627.895,113.05,2025-01-23
"274","26_NP_01",11976.2770909091,3124.34793017856,500.948675121951,97.3743357752541,190.9947168,33.1632313408303,77.794224,14.5705968067341,2.50872,0.47137217492194,0,0.43,8354.15,6870,451.9,23063.58,1828.74,947.45,8.27,79.66,564.89,4984.84,149.75,2025-01-23
"275","26_NP_02",13607.4005938333,3595.72979556487,523.558127434608,100.980642148467,205.519764101967,38.9611362447117,82.5699716151335,13.7096926538723,2.49728434006099,0.501082741565221,0,0.455,8327.23,5984,386.535,18562.98,1262.77,1069.845,4.985,87.115,505.9,4765.605,85.565,2025-01-23
"276","26_NP_03",8881.56186528498,3231.46586360107,415.618646979866,98.8240671444145,162.718008510638,39.8176977972728,64.9729449664429,15.0578551747585,2.51495302013423,0.632405934027011,0.01,0.57,5150.82,4779,296.46,17959.9,1040.44,1596.81,2.53,126.21,570.16,5248.51,45.82,2025-01-23
"277","26_NP_04",12611.884556962,4137.13489720942,517.532126582278,107.924577041055,204.6696,36.6814071837014,77.7936058252428,19.3490383239249,2.66542731277533,0.62182526006156,0,0.46,8610.1,6060,451.41,24696.95,1850.73,1156.22,12.36,107.76,462.44,4883.25,223.63,2025-01-23
"278","26_NP_05",8298.05815079802,1888.34685224333,406.782744319888,71.1893746029623,153.666261477524,30.1155903846051,68.8676341518114,8.82514472454802,2.25621470886076,0.484690512245563,0.03,0.425,5565.33,4882.5,250.895,10795.64,657.89,532.41,4.55,38.995,320.625,3943.75,82.32,2025-01-23
"279","26_NP_06",7249.77110204081,1962.3880278958,373.916718367347,71.2591790988236,143.470417959184,24.7592407188546,63.5283330612245,10.9847108131474,2.30123232323232,0.360773966956084,-0.01,0.29,9585.94,9494,528.44,18329.98,1401.15,553.47,19.43,43.03,311.87,4174.36,176.89,2025-01-23
"280","26_NP_07",10890.045,3400.58164907656,475.047,101.384013677013,187.466165217391,33.6859836215683,71.5847391705069,15.8721851781664,2.67569587628866,0.52406849337615,-0.01,0.4,8860.51,7781,602.89,21483.17,1602.23,774.37,6.81,70.65,425.8,4935.72,123.34,2025-01-23
"281","26_NP_08",11808.4649638554,3098.50330128559,486.021547951808,87.5781145234947,189.536639274924,27.7563105580791,76.7742658959538,13.0943465717458,2.47721867881549,0.444052462383331,0,0.39,9111.68,7822,393.26,22285.35,1546.79,666.39,5.84,57.11,513.04,3976.53,91.78,2025-01-23
"282","20_COP_01",15768.3018340611,4581.7005023963,566.330777292576,111.008858246142,206.139372631579,44.427631343468,90.4082991501416,16.4406807287295,2.39928205128205,0.519901931985533,0,0.41,6820.73,6269,474.53,14020.84,1120.37,586.23,5.98,39.95,428.77,3218.68,108.24,2025-02-27
"283","20_COP_02",11247.1565885822,3003.96496301065,462.012921208174,81.8905876027319,171.213988109778,36.7924261475045,82.1574871646523,12.860741158279,2.01257021292272,0.42508144095462,0.025,0.39,4336.515,3264.5,252.835,10057.39,734.395,490.02,3.87,30.925,321.72,3245.4,70.03,2025-02-27
"284","20_COP_04",14784.9918936877,3901.1512246412,523.483126027398,100.265972979253,193.443194805195,37.2187095846788,94.5933705179282,16.0287212913172,2.05657534246575,0.409706373984388,0,0.36,5575.32,4303,260.19,13928.32,940.05,529.93,4.71,38.12,385.34,4019.38,85.2,2025-02-27
"285","20_COP_05",14392.9975957219,3911.96275153308,563.000878093458,106.64281968246,217.295983850468,33.4471120996441,84.9495510520231,17.0574208776878,2.53115852234311,0.458651049676739,-0.01,0.355,8172.23,7257.5,524.835,17812.71,1370.335,730.2,6.015,53.03,404.21,4126.36,108.865,2025-02-27
"286","20_COP_06",12936.6836494382,3483.25593800719,507.169396898381,98.4914950271362,194.725627635199,40.0558298043637,83.2400548741846,13.7012360543038,2.37725095913039,0.488240527719497,0.01,0.37,6972.285,5969.5,382.285,11875.48,1037.75,439.955,5.15,40.695,413.435,3509.995,93.23,2025-02-27
"287","20_COP_07",15392.2712079208,4391.0429966557,549.476813702971,104.905105269775,205.418382114168,45.258774061001,92.1797938932355,16.3587746273232,2.28552596692253,0.513395587847568,0.025,0.425,4255.95,2114,127.49,15997.615,904.7,866.355,3.16,58.495,419.315,4145.03,57.115,2025-02-27
"288","20_COP_08",11376.8861538462,3456.87232976766,477.81284516129,96.2386189149287,189.194607692308,37.0754317663788,76.5464538461539,13.9558560638744,2.54296017699115,0.49174825586153,-0.01,0.36,6412.29,4541,359.89,17417.44,1253.81,873.03,7.16,59.19,423.26,2941.96,129.66,2025-02-27
"289","20_NP_01",13356.4235294118,3910.88136645003,522.333030508475,103.20685592433,199.952048167539,37.3273617184144,85.5193113122172,16.186901347486,2.3645,0.450014549304277,0,0.42,6365.36,3928,286.45,18051.87,1264.79,570.25,5.88,51.11,430.96,3805.43,106.49,2025-02-27
"290","20_NP_02",6293.72071011872,1640.38389525166,327.740470717824,58.6742605787655,123.014191217501,23.8443801363093,63.230468779124,9.55972912854593,2.03462383726114,0.421441729347666,0,0.51,5683.195,4993.5,333.2,12678.045,938.13,331.605,3.67,33.545,413.54,3719.82,66.385,2025-02-27
"291","20_NP_03",11410.0258064516,3527.20865280565,488.854688495575,96.0669532778346,181.830431654676,39.8497740533454,78.5315903225806,14.7703357544627,2.3762384341637,0.513177561503998,0,0.42,6170.61,5319,320.03,15614.72,1028.26,708.7,5.3,59.14,448.35,3617.15,96.02,2025-02-27
"292","20_NP_04",5682.31199999999,1672.84439325228,328.12002,60.1427735816692,125.90199,23.200067963427,56.3031325301205,9.93883689603004,2.32789759036145,0.455068158964329,0.01,0.43,6410.99,5929,387.37,13774.46,1136.85,589.72,3.6,48.51,462.27,3910.09,65.09,2025-02-27
"293","20_NP_05",12675.6681678106,3119.81250603165,507.127150065789,90.2662737429006,193.969370437822,36.5093232271489,81.5531887218045,13.0462720626412,2.4078238067917,0.462835673338142,0,0.355,6688.05,4241,259.87,19288.715,1153.745,521.735,5.89,36.28,392.505,3448.145,93.425,2025-02-27
"294","20_NP_06",9570.79909706546,3196.60665103709,421.548685714286,98.4581578077757,157.084711363636,38.5341072828852,74.291079006772,15.4070666857042,2.21383084577115,0.487243215420043,0.01,0.46,4840.33,3123,242.82,10741.38,728.04,337.13,3.41,35.4,373.4,3173.24,61.69,2025-02-27
"295","20_NP_07",5784.17560273973,1886.64794722313,327.798470054258,64.9673651818185,127.528972102665,26.3915539890809,55.95294375,12.4454918958654,2.35448401316563,0.506390637294592,0.005,0.49,7534.445,5627.5,319.215,16707.78,1470.545,759.555,5.94,64.63,482.14,4169.705,107.555,2025-02-27
"296","20_NP_08",5919.41417607224,1783.93714825857,334.118305990784,61.3563157618073,129.467821750663,23.7874305310119,57.376274801061,11.1552781376908,2.28326525198939,0.517142652589147,0,0.38,7854.22,5595,366.91,15840.79,1258.84,572.48,6.42,46.56,370.04,4141.71,116.29,2025-02-27
"297","26_COP_01",11075.5817821782,4270.67433933663,458.024881028282,109.563523994312,176.574763887468,45.0465207889823,79.6956152147459,15.5814326546089,2.12221453349282,0.528625317700856,0.035,0.45,4193.61,3289.5,162.625,12213.24,782.75,525.255,2.52,49.605,412.635,3845.33,41.095,2025-02-27
"298","26_COP_02",6811.01680473373,2034.28252765474,360.886880603959,71.8861208871254,140.164780209895,28.7747846770175,59.8882415607986,11.420966430815,2.38697453693937,0.454034345822923,0.015,0.33,7941.39,6735,424.55,18129.695,1205.36,636.2,5.885,47.75,473.34,4708.19,106.51,2025-02-27
"299","26_COP_03",12865.635,2980.12889874128,503.235857718121,88.4760470660346,197.716832214765,36.0540698047779,81.8453327586207,12.9113880712484,2.40163414634146,0.456259978550066,0,0.4,7136.82,5369,407.8,14781.75,1174.21,330.7,4.02,30.66,424.81,2949.69,72.82,2025-02-27
"300","26_COP_04",12881.9671578947,3617.80897736547,521.47952920354,98.5246185082981,207.024437647059,43.1788365710967,77.8188828507795,12.9375003147719,2.64389207048458,0.523407806172312,0.01,0.42,6512.1,5392,368.26,13618.1,985.61,387.06,5.32,28.76,361.35,3395.59,91.13,2025-02-27
"301","26_COP_06",7270.15917525774,1858.36366252523,367.196096385542,60.410707993115,141.940557692308,23.8727645615846,63.3039069767442,10.9226861944449,2.30247741935484,0.439090272608164,0.01,0.37,8128.91,4066,308.28,16656.67,1332.44,801.38,5.18,54.57,435.34,3626.23,93.77,2025-02-27
"302","26_COP_07",11373.5215384615,2737.54469511838,476.729784431138,82.8210081339447,185.066928,38.5055442532099,76.48655625,11.9528830614149,2.44264236111111,0.500341817880894,0.01,0.4,6462.17,5134,349.31,12680.76,974.11,309.5,4.9,26.67,350.99,3117.02,88.75,2025-02-27
"303","26_COP_08",14130.2026833856,3921.81029506316,523.022652095491,99.0714202744495,199.66642806366,40.7786541945534,86.7928603034483,14.6462390203437,2.3604118895966,0.557130308258799,0.01,0.445,5289.235,2803.5,240.575,14945.72,1197.15,548.17,3.885,53.68,510.05,3412.415,70.26,2025-02-27
"304","26_NP_01",11704.3948051948,2952.02034745171,491.266519480519,86.0797042875339,192.648342857143,36.7588493829415,78.7221578713968,12.7276745563354,2.54422510822511,0.484157146220135,0.01,0.38,6444.21,4711,324.81,13029.85,1069.35,534.68,4.82,44.81,414.05,3295.72,87.2,2025-02-27
"305","26_NP_02",13834.6845979493,3052.78625886462,534.062466693712,87.2518448439123,207.89533815126,34.1072480978604,85.4423130111525,11.9074026326206,2.4571351283969,0.41232840398113,0,0.325,7175.585,6188,500.92,16797.98,1230.97,343.715,7.935,33.84,383.35,2860.165,143.615,2025-02-27
"306","26_NP_03",12364.8818598048,3115.83428981356,490.831570452836,88.8937417460972,190.26334850837,36.1505337100808,81.4601580103806,12.4034678089056,2.2973500788261,0.450213144906975,0,0.4,6840.53,5339,332.565,15203.045,1055.325,427.23,6.265,34.31,421.77,3577.2,104.755,2025-02-27
"307","26_NP_04",11884.0894388614,2725.86185166049,502.877105628518,85.8381458295468,199.425345708668,38.6582578878969,74.9278274164669,11.9842567322244,2.57541749424295,0.538238827807979,0,0.355,5550.875,4741.5,262.335,15397.485,978.465,456.975,5.02,34.885,371.955,3583.345,90.88,2025-02-27
"308","26_NP_05",11233.3692857143,2964.42706558318,480.253733920705,86.7796713806688,184.277835294118,35.2077654473689,76.6463910447761,13.6818750993386,2.5178595505618,0.506623238218644,0,0.42,7115.67,7056,470.47,16053.72,1281.32,572.4,4.19,42.8,482.07,3437.07,75.76,2025-02-27
"309","26_NP_06",6316.13589041096,1690.0489778807,346.438532432433,63.5541435044593,133.86121875,22.5865561670739,60.06144375,10.3047396300423,2.2658125,0.411674170954356,-0.01,0.38,6502.82,5719,486.28,13747.81,1067.11,425.47,3.89,33.26,409.07,2723.65,69.67,2025-02-27
"310","26_NP_07",11312.5651948052,3017.08263942118,479.103381818182,91.0749264375575,187.896015584416,38.4050334721344,76.0519345794392,13.2023970399214,2.55416504854369,0.482147549290367,0,0.43,6800.75,6270,557.75,15033.15,1294.64,451.68,6.32,34.7,442.29,3433.56,114.37,2025-02-27
"311","26_NP_08",12521.3641237113,3045.11848459588,494.849601369863,85.1512075093812,189.0027,35.8718429318745,81.0519793548387,13.0197401187156,2.36772258064516,0.48784824837283,0,0.4,6713.37,4322,267.34,17909.67,1094.5,532.75,5.37,49.6,391.84,3028.37,97.22,2025-02-27
"312","20_COP_01",11417.4242487047,4433.27181012818,467.968357894737,105.451965155262,178.417792340426,46.3111388308155,80.440529216152,16.5903171624028,2.22968421052632,0.532579764105903,0.01,0.51,4090.98,2690,202.74,12727.5,912.97,687.18,4.84,57.87,503.39,2869.05,87.54,2025-02-27
"313","20_COP_02",8139.74548031619,2792.99432379242,373.917730268235,83.5817920571703,130.777148191473,34.2193035366156,75.7509796895788,16.1385840247081,1.81611438675696,0.470175801152579,0.02,0.665,1675.925,1127.5,80.225,7318.95,565.715,691.915,3.465,48.135,365.72,3377.585,62.74,2025-02-27
"314","20_COP_04",10299.4717808219,4331.45463656372,436.150607486631,121.515553294214,153.325563275434,46.2483469291632,76.875675,19.7707525057159,2.00151145038168,0.53599322353928,0.01,0.78,2270.67,1884,153.86,10431.93,728.37,1544.37,2.7,102.24,482.6,4659.94,48.87,2025-02-27
"315","20_COP_05",9646.59456,3420.75611255581,434.6571024,96.8031909232522,157.64925483871,39.8454468774444,78.2529966777409,15.6830985883854,2.068448,0.503234066542244,0.04,0.58,4056.57,2671,213.36,11724.35,825.59,423.97,3.45,39.32,445.52,3235.68,62.42,2025-02-27
"316","20_COP_06",9581.76000000001,3662.59936037687,430.800742857143,102.897788659531,154.463957746479,39.9881280631259,78.8643,17.496189257684,1.91503643724696,0.490218696844317,0.02,0.63,2533.37,2092,156.9,7473.39,635.25,628.32,3.1,42.51,403.53,3429.04,56.09,2025-02-27
"317","20_COP_07",12083.7840616967,4612.78911567204,478.815362467867,124.789378430253,188.214209768637,51.4717805995189,80.3062442748091,16.7707552920929,2.3339945054945,0.543466857877768,0.03,0.7,3341.9,2459,133.19,11946.59,934.68,637.23,2.63,61.77,479.51,3595.68,46.94,2025-02-27
"318","20_COP_08",7995.35877237852,2919.83553651927,379.071706777064,93.803564918228,138.505334513193,36.9061309301821,71.416440204623,15.606576379118,1.9507,0.461451229262771,0.01,0.67,2698.13,2132,150.125,10568.775,659.045,842.555,2.81,54.34,423.485,4400.965,50.835,2025-02-27
"319","20_NP_01",9826.70715328467,3273.73186656594,425.91255,100.073933237463,161.762872992701,43.0682244543415,75.4453894736842,14.6882395746519,2.16536046511628,0.546145124926256,0.01,0.69,3098.92,2608,224.17,10877.11,897.08,481.46,2.71,46.7,460.38,3626.02,49.08,2025-02-27
"320","20_NP_02",5014.23824175824,1519.65457257641,296.881434782609,62.1056572321647,115.289125,27.5769626771599,54.4780034042553,9.34566828556817,2.20737765957447,0.534205897269925,-0.02,0.68,3895.51,3033,246.98,10546.35,701.57,368.26,1.94,37.53,437.77,2271.5,34.6,2025-02-27
"321","20_NP_03",7629.13470123111,2386.37065102501,385.778387321047,79.3812471699042,136.966891574586,32.8080479565142,68.1407486650486,13.0177285336997,2.06323678160919,0.495195544151046,0.045,0.605,2790.365,2474,163.245,7734.83,519.81,274.405,2.74,24.225,293.2,2901.82,49.59,2025-02-27
"322","20_NP_04",6137.47786647828,1713.62033281698,324.007045588774,61.7701624434709,121.437929884476,27.2185637849083,62.1485219411461,9.52732542926557,2.13625336021506,0.445194452181058,-0.005,0.625,4249.535,3616,186.92,10409.285,789.805,357.025,2.895,37,474.83,3434.165,52.33,2025-02-27
"323","20_NP_05",8923.94847457627,3419.1815584341,406.721323636364,97.7295946860407,144.851613559322,39.0036811463938,75.619732881356,16.9439450419645,1.90306547619048,0.503051188041897,0.04,0.65,2325.8,1608,102.34,8313.09,629.32,666.81,2.2,58,373.93,3017.31,35.24,2025-02-27
"324","20_NP_06",11938.5770623238,4086.37116377427,475.597190322581,110.892918764135,185.977861813563,48.5731751051328,80.4168586832364,15.3535448445989,2.3683856146469,0.558735649025624,0.02,0.56,5072.855,3988,306.85,14367.7,1097.255,1349.82,4.015,91.375,610.025,4766.87,68.9,2025-02-27
"325","20_NP_07",4836.17603644647,1683.40053164825,290.40779025522,70.8556734471314,107.792782417582,28.3573454765242,54.9094721311476,10.8024263098563,2.06254827586207,0.47690930210812,0.01,0.73,3428.39,3424,247,10767.7,710.77,636.62,2.49,51.27,455.01,3333.26,44.67,2025-02-27
"326","20_NP_08",5447.82052407726,1859.65295491391,309.560547886886,76.8366030858062,116.055576261983,31.8248933676045,56.989983356437,10.8601369761089,2.10646411347518,0.485058289591684,-0.02,0.77,4204,3049,215.29,12441.205,688.65,566.65,2.33,52.53,481.395,3626.585,40.33,2025-02-27
"327","26_COP_01",10546.9023776224,3641.15508970695,437.48232321615,106.365343469596,156.481593899204,43.5879414271593,79.1787194197498,16.2780137193079,2.14874852008457,0.487176803433706,0.05,0.67,2667.125,2349,169.565,13392.375,878.73,1158.26,3.005,80.335,504.43,4021.835,54.41,2025-02-27
"328","26_COP_02",5355.95125153963,1817.77021271685,307.722260812443,67.9342697344976,115.707689111875,27.0206781474954,57.3180579507086,10.7561931670599,2.09670380637422,0.491093086614738,0.005,0.605,5526.55,5345,280.01,12653.415,771.625,492.64,1.885,44.64,518.245,3367.705,34.055,2025-02-27
"329","26_COP_03",9245.98369544978,2716.33502596658,419.266047016525,88.0527380828877,153.959218424616,36.8572914179324,74.4103018955662,13.3740338577699,2.08868938172043,0.504203112565153,0.005,0.68,3964.625,2947.5,167.02,12466.895,920.78,837.505,2.84,66.985,488.645,3374.31,51.44,2025-02-27
"330","26_COP_04",11658.8280879414,3974.87480322171,473.716590867898,104.936289756964,178.427423108984,44.953884930416,81.6686932352821,15.0799513105817,2.19746936629724,0.52251523671889,0.02,0.69,3264.09,2336.5,195.77,10083.62,921.775,719.12,2.885,70.545,480.405,3463.21,46.63,2025-02-27
"331","26_COP_06",6247.25208211144,1757.06616500771,342.03084048583,59.9977424562211,133.18633220339,27.7632536622249,58.2810599999999,10.1070300139161,2.37247641509434,0.490750144572897,0,0.44,7607.31,5329,286.62,15152.53,1256.92,559.62,2.82,53.82,532.01,3226.48,51.07,2025-02-27
"332","26_COP_07",10187.3953841317,3459.23747784526,446.824729655173,107.039158854313,170.240793623898,42.7617699997807,74.3047910772738,15.3601417415457,2.22148114445047,0.514294456175389,0.02,0.605,6988.36,5344,284.495,18728.32,1019.79,613.165,3.29,49.395,528.62,3922.42,55.7,2025-02-27
"333","26_COP_08",10035.6100902487,2752.3991898203,431.67951954426,81.2311274813427,163.372891796589,31.9323813584745,76.6269934255121,12.9179920627397,2.1474003457119,0.459623184330702,0,0.46,5958.48,3810.5,208.675,20656.75,1069.725,603.79,3.945,39.44,517.54,4388.955,71.36,2025-02-27
"334","26_NP_01",12667.8366886338,3445.94016479774,491.550454608866,92.8403147778928,183.113491371872,34.7140346986114,87.5961181113644,14.467601643704,2.13654238632501,0.436063300843038,0.02,0.415,6000.005,3729.5,301.73,12569.635,1072.385,574.05,5.155,50.47,470.11,4461.76,93.34,2025-02-27
"335","26_NP_02",11613.5345454545,3457.98588741016,476.5034124533,109.711632787867,173.551322789539,37.4075123140738,81.8337813347942,15.5607391572106,2.15990740740741,0.448656225465758,0.01,0.525,5347.15,3506,265.26,10858.92,952.01,1305.395,3.86,81.885,513.305,4315.83,69.94,2025-02-27
"336","26_NP_03",10060.2656792836,2937.80978141356,434.991637823435,92.3496319738425,165.175439103444,36.7624823819895,75.1117666300556,14.2371555115437,2.24346275099533,0.442289960387225,0.04,0.51,4871.49,3395,227.99,14547.645,1004.81,636.81,4.89,54.99,506.235,3624.82,76.06,2025-02-27
"337","26_NP_04",10357.4221529236,3197.45293215788,444.714332338339,94.8265846067804,172.134968694305,41.2982389989228,75.7990659908721,14.1129320724897,2.23822066212821,0.516448845312191,0.025,0.535,5228.32,4245.5,226.255,13279.04,859.995,684.73,3.425,44.91,452.905,4202.86,62.005,2025-02-27
"338","26_NP_05",8789.94312166813,3444.07023401721,416.825421884068,106.035541228981,151.510608343596,42.5006533151501,72.1041851342301,16.731450465992,2.16180562176794,0.539471900213008,0.025,0.535,3799.945,3330.5,205.42,11316.715,624.915,1452.445,2.625,87.34,408.7,4969.91,47.49,2025-02-27
"339","26_NP_06",6630.8544,1946.3146432122,351.85884,67.6771958430242,131.946097797357,23.2813218715477,62.000777689243,10.8761004216066,2.14640674157303,0.373571447024385,0,0.38,7848.57,6960,440.02,18375.61,1179.15,537.56,5.19,43.31,496.96,3190.83,94.01,2025-02-27
"340","26_NP_07",11084.688,3166.00787995396,450.946979999999,87.7737224140905,173.416578495105,35.5557646541693,80.4654237362637,14.4004324735901,2.22461144061303,0.457708141045043,0,0.54,5438.815,4669,277.645,21591.115,1350.705,1299.1,4.16,100.55,605.03,4647.255,73.89,2025-02-27
"341","26_NP_08",10521.7541751152,3563.09169437841,452.757939024391,98.3223159497352,172.290160337029,33.636206388571,77.8370511801242,14.8850947775975,2.32861932059448,0.423637523207888,0.01,0.38,7307.43,6148,329.6,18029.09,1342.765,527.52,7.96,47.83,552.685,3336.775,144.075,2025-02-27
